,Road,LRPName,Description,Chainage,Length,Cat,Lat,Lon
0,N1,LRP001a,.,1.8,11.3,A,23.69873866,90.4588610799999
1,N1,LRP004b,.,4.925,6.6,A,23.6946638363636,90.4877749181818
2,N1,LRP008b,KANCHPUR PC GIRDER BRIDGE,8.976,397.0,C,23.7050598925675,90.5232141463513
3,N1,LRP010a,KATCHPUR BOX CULVERT,10.543,8.0,B,23.6964000869109,90.5350989801047
4,N1,LRP010b,NOYAPARA CULVERT,10.88,6.3,A,23.6943906141361,90.5375740774869
5,N1,LRP010c,ADUPUR CULVERT,10.897,6.3,A,23.6943023869158,90.5377073719626
6,N1,LRP011a,NAYABARI KASPUR BOX CULVERT,11.296,8.3,A,23.6923601518691,90.5409183897196
7,N1,LRP011c,NAYABARI BOX CULVERT,11.808,10.6,B,23.6909119315151,90.5454624957575
8,N1,LRP012a,KHAS PARA BOX CULVERT,12.239,9.3,A,23.6884123260204,90.5485585290816
9,N1,LRP012b,DAWAN BAG BOX CULVERT,12.253,6.1,A,23.6883197331632,90.548649807653
10,N1,LRP013a,MADAN PUR (R),12.66,26.3,A,23.685583027027,90.551207981081
11,N1,LRP013a,MADANPUR BRIDGE(L),12.66,26.3,A,23.685583027027,90.551207981081
12,N1,LRP014a,KAWTALA BOX CULVERT,13.574,11.9,A,23.6778035,90.5558194349999
13,N1,LRP016a,MALIBAG BOX CULVERT,15.465,5.55,B,23.6633090696149,90.563856994797
14,N1,LRP017b,LANGOLBANDO PC GIDER BRIDGE,17.134,159.5,B,23.6544257051136,90.576730225
15,N1,LRP018a,DARIKANDI BRIDGE (R),17.722,20.0,B,23.6515705663716,90.5814943946902
16,N1,LRP018a,DARIKANDI BRIDGE (L),17.722,20.0,B,23.6515705663716,90.5814943946902
17,N1,LRP018c,SONARKALI BRIDGE(L),18.093,24.5,B,23.6497543993548,90.5845490085483
18,N1,LRP018c,SONARKALI BRIDGE(R),18.093,24.5,B,23.6497543993548,90.5845490085483
19,N1,LRP019a,MOLLIK PARA BRIDGE (R),18.742,40.5,C,23.6459685949152,90.5892119813559
20,N1,LRP019a,MOLLIK PARA P.C(L),18.742,40.5,B,23.6459685949152,90.5892119813559
21,N1,LRP020a,KRIBORDI BOX CULVERT,19.76,6.0,A,23.6379543715384,90.5936673976923
22,N1,LRP020b,SHADIPUR BOX CULVERT,20.397,10.4,B,23.63380522,90.597394085
23,N1,LRP021c,MARIKHALL BRIDGE,21.184,89.2,A,23.6284668507692,90.6023015723077
24,N1,LRP022a,SANGAKADI CULVERT,22.328,5.5,B,23.6198832229508,90.6083528852459
25,N1,LRP023a,ASHIR CHAR (Right),22.596,224.8,A,23.6176407964705,90.6095506105882
26,N1,LRP023a,ASHIR CHAR ( Left),22.596,213.5,B,23.6176407964705,90.6095506105882
27,N1,LRP023c,ASHARIR CHAR (L),23.081,120.1,A,23.613587384385,90.6109029561497
28,N1,LRP023c,ASHIR CHAR (R),23.081,116.8,B,23.613587384385,90.6109029561497
29,N1,LRP024a,MEGHNA BRIDGE,24.393,900.0,C,23.6027595885583,90.6155316965675
30,N1,LRP026a,TATULTALA CULVERT,26.115,5.6,A,23.5929818827893,90.6279699370919
31,N1,LRP026b,BAILAKANDI CULVERT,26.452,5.5,A,23.5908088547468,90.6302368598101
32,N1,LRP027a,MALUAKANDI CULVEDRT,27.12,5.6,A,23.58631812254,90.6345094207093
33,N1,LRP028a,BHATIR CHAR BRIDGE,28.315,163.5,A,23.5779800248475,90.6419193089939
34,N1,LRP029a,ANARPUR BRIDGE(R),29.138,29.0,A,23.5716306256965,90.6454159236842
35,N1,LRP029a,ANAR PURA BRIDGE(L),29.138,29.0,A,23.5716306256965,90.6454159236842
36,N1,LRP030a,VITIKANDA - ANAR PUR CULVERT,29.842,34.7,A,23.5660033956521,90.6486237247282
37,N1,LRP031a,ALI PURA P.C BRIDGE (RIGHT),30.908,26.3,A,23.5591910296296,90.6557475703703
38,N1,LRP031a,ALIPURA BRIDGE (LEFT),30.908,26.3,B,23.5591910296296,90.6557475703703
39,N1,LRP032a,VOBAR CHAR (L),31.472,29.0,A,23.5557082901265,90.6597414245569
40,N1,LRP032a,VOBAR CHAR BRIDGE(R),31.472,29.0,A,23.5557082901265,90.6597414245569
41,N1,LRP032d,BOBARCHAR BRIDGE(L),32.121,28.9,A,23.5517421907216,90.6643538752577
42,N1,LRP032d,BOBAIRCHAR BRIDGE(R),32.121,28.9,A,23.5517421907216,90.6643538752577
43,N1,LRP033a,PURRANBUICHE BOX CULVERT,32.777,9.1,A,23.5477377446428,90.6690554098214
44,N1,LRP033b,NOYAPARA,32.796,5.2,A,23.5476246437499,90.669192065625
45,N1,LRP034a,Madhya Baushia Bridge(L),33.591,72.49,A,23.54268543125,90.6748292125
46,N1,LRP034a,MADHAYA BAUSHIA BRIDGE(R),33.591,59.2,A,23.54268543125,90.6748292125
47,N1,LRP034a,MADHAYA BAUSHIA(L),33.591,70.0,A,23.54268543125,90.6748292125
48,N1,LRP034b,Madhya Baushia Bridge(R),33.591,59.83,A,23.54268543125,90.6748292125
49,N1,LRP034c,BOCTAR KANDI BOX CULVERT,34.111,5.1,C,23.5393910168,90.6784577888
50,N1,LRP035a,.,35.181,9.5,A,23.5327751898617,90.6858701078341
51,N1,LRP036a,BORAKANDI BRIDGE(L),35.408,24.5,B,23.5313996605222,90.68744892596
52,N1,LRP036a,CHAR BOWSHIA BRIDGE(R),35.408,24.5,B,23.5313996605222,90.68744892596
53,N1,LRP036c,CHAR BOUSHEA (2),35.707,8.4,A,23.5301519626506,90.6897951837349
54,N1,LRP037a,Daud Kandi Bridge,37.01,1408.8,C,23.5303844733,90.7024402743
55,N1,LRP040b,BALDHA KHAL RCC GIDER BRIDGE,39.304,21.8,C,23.5324186,90.7242807234
56,N1,LRP040c,MAIS PARA BOX CULVERT,39.86,6.0,B,23.5317587831999,90.7291780095
57,N1,LRP043a,SHAHID NAGIR,42.936,16.5,C,23.5298050611,90.75825325
58,N1,LRP046a,SARKAR BARI CULVERT,45.164,3.9,C,23.5307655282208,90.7800797251533
59,N1,LRP047a,AMIRABATH SLAB CULVERT,46.871,6.5,C,23.5308683409424,90.7918075171727
60,N1,LRP049a,Ginlatoly,48.384,15.9,C,23.5318234765,90.8110155135
61,N1,LRP051a,RAIPUR BOX CULVERT,50.558,12.2,A,23.5329743291,90.8309774761999
62,N1,LRP053a,AITAL BANGA BOX CULVERT,52.313,4.5,C,23.5229166652,90.8442186132
63,N1,LRP056a,ILLIOT BAZER,56.006,28.9,B,23.510087758207,90.8757204035353
64,N1,LRP059a,KHAT GHOR BOX CULVERT,58.838,5.9,B,23.5060024341,90.9021745389
65,N1,LRP061a,BAKRA BOX CULVERT,60.83,3.0,B,23.5056131416,90.9214660218
66,N1,LRP064a,MATIA BAZER,63.098,6.0,B,23.5024077848,90.9432418928
67,N1,LRP064c,SONAPUR BOX CULVERT,63.538,3.0,A,23.5013551924,90.9473844088999
68,N1,LRP067a,KARON KHAL SLAB CULVERT,66.178,4.6,B,23.495896314,90.9715772516
69,N1,LRP068a,MILL GHAT BOX CULVERT,68.04,4.5,A,23.4932728146,90.9887200416
70,N1,LRP072a,CHANDINA- SHAHA PARA RCC GIDER GRIDGE,71.156,23.1,C,23.4868805937254,91.017566692647
71,N1,LRP072a,Chandinan-Shahapara Bridge.,71.156,22.55,C,23.4868805937254,91.017566692647
72,N1,LRP075a,CORI PAI BOX CULVERT,74.279,4.6,B,23.4817873233065,91.0463348850746
73,N1,LRP076a,COREPAI BOX CULVERT,75.312,4.6,B,23.4817498298684,91.0563549686842
74,N1,LRP077a,NIMSHAR SLAB CULVERT,76.481,1.5,A,23.480613086,91.0674097692
75,N1,LRP079a,KABILA DUBARCHAR SLAB CULVERT,78.382,1.0,C,23.4776722851,91.0847406393
76,N1,LRP081a,NAZIRA BOX CULVERT,80.949,3.0,B,23.4781159049382,91.1070332074074
77,N1,LRP083a,TIPRA BAZAR BOX CULVERT,82.437,1.4,A,23.4794083880733,91.1238920825688
78,N1,LRP083b,AMTOLI SLAB CULVERT,82.989,2.9,A,23.479544924,91.129047144
79,N1,LRP088a,DHANPUR RCC GIDER BRIDGE,87.713,23.4,A,23.4436339598272,91.1493668151188
80,N1,LRP088a,Dhanpur Bridge,87.713,22.85,C,23.4436339598272,91.1493668151188
81,N1,LRP092a,PADUAR BAZER RCCGIDER,91.092,35.9,B,23.4212487704918,91.1678943372365
82,N1,LRP094a,Mostapur Bridge,93.6,27.35,C,23.4119324230158,91.1939029849206
83,N1,LRP094a,MOSTAPUR RCC GIDER BRIDGE,93.6,27.9,B,23.4119324230158,91.1939029849206
84,N1,LRP098a,RAZAPARA RCC GIDER BRIDGE,97.257,27.9,A,23.3976518197887,91.2234221346859
85,N1,LRP098a,Matigara Bridge,97.257,27.35,C,23.3976518197887,91.2234221346859
86,N1,LRP101a,SUAGAZI RCC GIDER BRIDGE,100.938,30.4,A,23.3713647755,91.2450175414999
87,N1,LRP104a,LAL BAG RCC GIDER BRIDGE,103.456,22.8,C,23.3521636774381,91.2572910746724
88,N1,LRP105a,CHANSIRI BOXCUIVERT,104.753,14.3,A,23.342671472,91.264485636
89,N1,LRP107a,MIABAZAR BOX CULVERT,106.519,24.0,A,23.3301462324,91.2748792824
90,N1,LRP109a,NOYA BAZER BOX CULVERT,108.125,9.2,A,23.3180696869138,91.2830867321701
91,N1,LRP110a,DOLL BARI CULVERT,109.289,19.2,B,23.3083612731261,91.2865787034735
92,N1,LRP110c,DHARMA PUR SLAB CULVERT,109.897,2.6,B,23.3034306450331,91.2889770397351
93,N1,LRP111a,LALGORE BEZER CULVERT,110.551,3.2,A,23.2979675271676,91.2910141369942
94,N1,LRP112a,SUPUYA BOX CULVERT,111.509,13.4,A,23.2897066386454,91.2929584711155
95,N1,LRP113a,BOWCHI BAZAR CULVERT,112.469,4.6,B,23.2821949258397,91.2966655096899
96,N1,LRP114a,AMAN GONG SLAB CULVERT,113.717,6.3,B,23.27301895,91.3029661882
97,N1,LRP116a,RANGAMATIA (1) BOX CULVERT,115.052,3.0,B,23.2618360940594,91.3070217386138
98,N1,LRP116b,RANGOWATIA 2 CULVERT,115.326,3.0,B,23.25941665,91.3073611
99,N1,LRP116c,NOWA PARA BOX CULVERT,115.525,3.6,B,23.2576429774881,91.3076156494075
100,N1,LRP117a,HARISHARDE CULVERT,116.074,4.5,B,23.2527463398104,91.3083926405213
101,N1,LRP118a,SONAGATI BOX CULVERT,117.087,2.5,B,23.2443915125925,91.3114032292592
102,N1,LRP118b,BALUJURI BOX CULVERT,117.269,19.2,B,23.2429040619631,91.3119739539877
103,N1,LRP118d,BALUZURI 2 CULVERT,117.627,2.6,A,23.2397920309669,91.3125740860465
104,N1,LRP119a,KALIR BAZAR BOX CULVERT,118.049,2.5,A,23.2360759516523,91.3129901976744
105,N1,LRP119b,KALIA BAZER BOC CULVERT,118.856,3.1,B,23.2289195919642,91.3134220678571
106,N1,LRP120a,CHAUDDAGARAM BOX CULVERT,119.19,2.6,B,23.2259184472573,91.3135697177215
107,N1,LRP120b,CHADDAGRAM BAZAR BOX CULVERT,119.628,6.0,A,23.2220338977777,91.3137005933333
108,N1,LRP121b,HAYDAR POLE BOX CULVERT,120.634,14.3,B,23.2131955721448,91.3153497403899
109,N1,LRP122a,FALGUNCORA CULVERT,121.567,6.1,A,23.2050386287937,91.3163167282749
110,N1,LRP123a,ATTOCK GRAM BOX CULVERT,122.603,6.1,A,23.1961887953757,91.3176705069364
111,N1,LRP124a,BOSONTA PUR BOX CULVERT,123.681,6.1,C,23.1874350254302,91.3209051317399
112,N1,LRP125a,BASHONTA PUR (2),124.346,9.5,B,23.1817958149837,91.3208787514658
113,N1,LRP126a,NANKORA BOX CULVERT,125.41,3.1,B,23.1726272318681,91.3205774642857
114,N1,LRP127a,ANDAJER BAZER BOX CULVERT,126.448,9.5,A,23.1635138669191,91.3215889464646
115,N1,LRP128a,DIMATOLI (1) BOX CULVERT,127.673,6.3,B,23.1527364949367,91.3243178772152
116,N1,LRP129a,DIMATOLY (2) BOX CULVERT,128.767,3.5,B,23.1436667679334,91.3266680470308
117,N1,LRP130a,JAGARNATHPUR BOX CULVERT,129.291,6.1,B,23.1389893200345,91.3263585348877
118,N1,LRP131a,JAGOT PUR BOX CULVERT,129.955,3.0,B,23.1332639685968,91.327546416481
119,N1,LRP131b,HASO BOTHACH BOX CULVERT,130.912,6.5,A,23.1252363577777,91.3303863688888
120,N1,LRP132a,FOKIR BAZAR SLAB CULVERT,131.577,4.5,B,23.1196973774193,91.3328165129032
121,N1,LRP133a,KAKKARA CULVERT,132.079,5.3,B,23.1158251554,91.335094485
122,N1,LRP134a,Chanara Box Culvert,133.155,6.1,A,23.1074284451388,91.3400495436111
123,N1,LRP135a,CHANGARPULL(II) BOX CULVERT,133.873,3.1,B,23.1017563206521,91.343162998913
124,N1,LRP135b,ADONCORA,134.426,9.5,B,23.0973512527272,91.3454956309091
125,N1,LRP136a,PODOYA BOX CULVERT,134.974,3.1,A,23.0930298369186,91.3478308386627
126,N1,LRP136c,FOEALTPARA BOX CULVERT,135.723,9.25,B,23.0870753710144,91.3512101492753
127,N1,LRP137a,UTTOR KAIEATI CULVERT,136.375,3.5,A,23.0819909531309,91.3541811474383
128,N1,LRP137b,KOKALI BOX CULVERT,136.899,14.2,B,23.0779647046997,91.3566005031331
129,N1,LRP138a,DUTHOSHA BOX CULVERT,137.856,6.1,B,23.070198184,91.3603022
130,N1,LRP140a,MOHAMMAD ALI MAZAR,138.953,4.0,B,23.0607473333333,91.3618624619047
131,N1,LRP142a,FATAPUR BOX CULVERT,141.531,10.8,A,23.0379728055555,91.3656784724359
132,N1,LRP143a,DEBIPUR SLAB CULVERT,142.793,1.6,A,23.0269801170731,91.3655004839721
133,N1,LRP145a,CHARIPUR CULVERT.,144.939,3.4,A,23.0124048410423,91.3779796149837
134,N1,LRP148a,RAMPUR BOX CULVERT,147.296,1.5,A,22.999248756,91.3957752
135,N1,LRP149a,RAMPUR BRIDGE,148.151,23.4,A,22.9947280792802,91.4022894900763
136,N1,LRP149c,.,148.495,1.9,A,22.9927169359869,91.4047486961832
137,N1,LRP155a,Lemua Bridge(L),153.843,98.87,C,22.9614487369369,91.4429962027027
138,N1,LRP155a,LAMUA BRIDGE,153.843,94.05,B,22.9614487369369,91.4429962027027
139,N1,LRP159a,FAZAILPUR BOXCULVERT,158.031,1.5,A,22.9486038666666,91.4794993833333
140,N1,LRP161a,MUHURI BRIDGE,160.379,191.5,B,22.9496126090047,91.502066899526
141,N1,LRP161a,Muhuri Bridge(L),160.379,193.22,B,22.9496126090047,91.502066899526
142,N1,LRP166a,DumGhat Bridge(L),165.183,222.43,A,22.9149647061403,91.5262895350877
143,N1,LRP166a,DHOOM GHAT PC GIRDER,165.183,220.6,B,22.9149647061403,91.5262895350877
144,N1,LRP166c,BUMGAT BOXCULVERT,165.825,6.1,A,22.9097128884012,91.5289285034482
145,N1,LRP167a,BOROYAR PARA SLUB CULVERT,166.479,3.0,A,22.9042462955223,91.5316297776119
146,N1,LRP169a,BAROYARHAT BOX CULVERT,167.963,3.0,A,22.8916386,91.5354719
147,N1,LRP171a,UTTOR SONAPAR BOX CULVERT,169.933,4.3,A,22.8746986941176,91.5408836647058
148,N1,LRP171b,CHAIRMEN BARI BOX CULVERT,170.174,2.0,A,22.872722034892,91.5415958766187
149,N1,LRP171c,MADDAM SONAPAR(1) BOX CULVERT,170.725,1.5,A,22.8680563702127,91.5432963340425
150,N1,LRP172a,DHARBAR TILA CULVERT,171.554,4.3,A,22.8609876872509,91.5451551717131
151,N1,LRP172b,MADDUM SONAPHAR-3,171.728,2.0,A,22.8594847882591,91.5454799987854
152,N1,LRP173a,MAMAFOUN ASTANA CULVERT,172.122,1.5,A,22.8560565672727,91.5457188709091
153,N1,LRP173b,MAMAFAKIR ASTANA SLAB CULVERT,172.23,1.5,A,22.8551475327433,91.5458221849557
154,N1,LRP174a,MASTANNAGOR BONCUL(1),172.969,8.5,A,22.8486172764705,91.5463706117647
155,N1,LRP174b,MUSTAU NOGAR(2),173.35,3.0,A,22.8453914894736,91.5474689210526
156,N1,LRP174c,MASTARI HAGOR 3 CULVERT,173.585,1.5,A,22.8434551375,91.54814955625
157,N1,LRP175a,MUSTAN NAGAR -4,173.859,3.0,A,22.8410943334277,91.5488096951841
158,N1,LRP175b,RAIPUR BOX CUL-1,174.804,3.0,A,22.8327467692419,91.5501035014577
159,N1,LRP176a,RAIPUR (2) BOX CULVERT,175.013,4.5,A,22.8309613422018,91.5505028545871
160,N1,LRP176b,PURPU DURGAPURE BOX CUL,175.785,12.4,C,22.8243706577981,91.5526915454128
161,N1,LRP179a,MUCHIPOOL CULVERT,177.247,9.5,B,22.811563437647,91.5562562129411
162,N1,LRP181a,MIRSARAI BOX CUL,179.363,4.5,A,22.7941813523326,91.5629612622718
163,N1,LRP182a,MIRAISORI BRIDGE,180.85,23.2,B,22.7821968918511,91.5691025661971
164,N1,LRP183b,Mirsorai(2) box culvert,181.825,6.0,A,22.774197092,91.5728737519999
165,N1,LRP184a,IANAINIPOL BOX CULVERT.,182.318,9.7,A,22.770251666098,91.5750905211087
166,N1,LRP185a,BOKIMTOLA BOX CULVERT,183.296,4.0,A,22.7630626913907,91.5804538821192
167,N1,LRP186a,VARTAKA BOX CULVERT,184.654,12.9,A,22.7535653245121,91.5886004236585
168,N1,LRP187a,VARTAGIA BOX CULVERT,185.058,3.0,A,22.7506393495689,91.5908840370689
169,N1,LRP187b,BOTHAGIA (-3) BOX CULVERT,185.842,8.1,B,22.7445136523437,91.5943998915364
170,N1,LRP190a,NIAZAMPUR BOX CULVERT,188.35,3.0,A,22.723316755473,91.6024331404452
171,N1,LRP191a,MIRJAPUR BOX CULVERT,189.058,3.0,A,22.7178243865384,91.6057623307692
172,N1,LRP191b,MIRZAPUR (2) BOX CULVERT,189.13,3.0,A,22.7172707342307,91.6061084846153
173,N1,LRP191c,ISAMATI BOX CULVERT,189.58,19.2,C,22.7138727382812,91.6082352218749
174,N1,LRP193a,DUKHIN UTHPAR BOX CULVERT,191.107,19.2,A,22.701816503937,91.6149734608923
175,N1,LRP194a,VANGGARPOL BOX CULVERT,192.408,4.2,A,22.6912517148148,91.6201690574074
176,N1,LRP195a,BORO KAMALDA BOX CULVERT,192.95,3.2,A,22.6868697647058,91.6220385823529
177,N1,LRP196a,TARAT BOX CULVERT,194.149,6.0,A,22.6769772991044,91.6268169453731
178,N1,LRP197a,Tarial Bazar Culvert,194.998,3.0,A,22.6699594391304,91.6293531695652
179,N1,LRP197b,MIRJA PUR (3) BOX CULVERT,195.501,3.0,A,22.6657838981081,91.6311293581081
180,N1,LRP198a,SATU DURUAR HAT BOX CULVERT,196.038,3.0,A,22.6615956814814,91.6335257425926
181,N1,LRP199a,RONA SORA CULVERT,196.925,3.1,A,22.6547124294117,91.6379261764705
182,N1,LRP199b,NUNA CHARA BOX CULVERT,197.39,4.6,A,22.6510709547445,91.6400341194647
183,N1,LRP199c,BOTTOL BOX CULVERT,197.846,12.4,A,22.6474561112311,91.6419171170626
184,N1,LRP201a,KACHAI PATH BOX CULVERT,199.279,3.0,A,22.636096590965,91.648209240657
185,N1,LRP201b,KACHAI POTTI BOX CULVERT,199.502,3.0,A,22.6343285718685,91.6492077265913
186,N1,LRP202a,EGOL PUR BOX CULVERT,200.277,3.0,A,22.6281666352941,91.6527578258312
187,N1,LRP202b,UTTOR SITAKONDO BAZAR BOX CULVERT,200.575,6.1,B,22.6258323373493,91.6541857554217
188,N1,LRP203a,SITAKUNDA SLAB,200.918,3.0,A,22.6230461711711,91.6554672531531
189,N1,LRP203b,MOHADAB PUR BOX CULVERT,201.52,3.0,A,22.6177563490118,91.6580589438735
190,N1,LRP204a,PURBOMOHADAB PUR SLAB CULVERT(L),201.999,4.6,A,22.6149899686274,91.6602670503268
191,N1,LRP204a,DULAHAJRA(R),201.999,4.6,A,22.6149899686274,91.6602670503268
192,N1,LRP205a,MADICAL MORE CULVERT,202.435,3.0,A,22.6117556741935,91.6625686731182
193,N1,LRP206a,DOKHIN MOHADEB PUR BOX CULVERT,203.457,2.95,A,22.6038394411764,91.6673745588235
194,N1,LRP206b,KALIAVA BOX CULVERT,203.651,4.5,B,22.6023506949579,91.6683367336134
195,N1,LRP206c,SKM BOX CULVERT(1),204.342,9.3,B,22.5971665766519,91.671819207489
196,N1,LRP207a,HATILOTA BOX CULVERT,204.765,4.5,A,22.5938881803921,91.6738889367647
197,N1,LRP208a,BAROCONDO BRIDGE,205.615,22.25,C,22.5870350167767,91.6770444686922
198,N1,LRP208d,BAROGINDO CULVERT,206.3,2.5,A,22.5815086746355,91.6795390413994
199,N1,LRP209a,BARO-CUNDHOW BOX CULVERT,206.866,10.2,A,22.5767930229508,91.68162274153
200,N1,LRP210a,PHPMORE BON CULVERT,207.64,3.0,A,22.5702905930578,91.6840096656198
201,N1,LRP210b,CHARA KANDI BOX CULVERT,207.913,8.2,A,22.5679968064462,91.6846866604958
202,N1,LRP210d,R. R TEXTAIL BOX CULVERT,208.1,4.5,A,22.5664212916363,91.6851826636363
203,N1,LRP211a,OHIDPUR BOX CULVERT,209.024,4.1,A,22.5585210862619,91.687506242492
204,N1,LRP212a,BARSH BARIA BRIDGE,209.514,21.6,B,22.5543319776357,91.6887963149094
205,N1,LRP213a,SOUTH BALSH KHALI BOX CULVERT,210.476,3.0,A,22.5467727210909,91.6926260603636
206,N1,LRP213b,DOKHIN BASH-KHALI BOX CULVERT,210.776,5.2,A,22.5444897756363,91.6941310785454
207,N1,LRP214a,SOTTANA MONDIR CULVERT,211.433,8.2,A,22.5390300234693,91.6965452744898
208,N1,LRP215a,GULAM JUTE MILE BOX CULVERT,212.483,3.0,A,22.5303678038461,91.7004641228571
209,N1,LRP215b,KYSTELGATE ARCH,213.386,16.3,B,22.5229359167189,91.7038366163009
210,N1,LRP217a,BORO KUMIRA BRIDGE,214.807,27.0,C,22.5113471164122,91.7087907889313
211,N1,LRP218a,ROYL CIMINT GATE CULVETRT,215.467,4.5,A,22.5060220437735,91.7112848218867
212,N1,LRP218b,GORA MARA RCC GIRDER BRIDGE,216.196,17.6,A,22.5000858335766,91.7141504905109
213,N1,LRP219a,GORA MARI BOX CULVERT,217.377,3.0,B,22.4904405976324,91.7182726733934
214,N1,LRP220a,BARAOWLLA BOX CULVERT,217.942,4.5,A,22.4855480068965,91.7195309517241
215,N1,LRP220b,MUDDO SONAISORI BRIDGE,218.441,23.2,B,22.4811642144766,91.7203633632516
216,N1,LRP221a,HATIBORI BOX CULVERT,219.427,6.0,A,22.4728530893544,91.7232633541336
217,N1,LRP223a,SHLAKHAR PAD BRIDGE,220.725,23.2,B,22.4624386352,91.7285307
218,N1,LRP224a,KODOM RASUL BOX CULVERT,222.357,3.0,A,22.4488628503871,91.7342823894358
219,N1,LRP225a,SALAKHARPAD BRIDGE,222.687,26.3,C,22.4460793332411,91.7353674287057
220,N1,LRP226a,HASNA BAD BOX CULVERT,223.743,3.0,A,22.4375035216216,91.7386659473513
221,N1,LRP226b,VATERIE BRIDGE,224.053,40.0,A,22.4350737918918,91.7396527192432
222,N1,LRP228a,DHAMAKHALI BRIDGE,225.702,35.1,B,22.4220415536,91.7480209792
223,N1,LRP230a,VATIARI CULVERT,228.029,5.0,A,22.4030145445,91.75657411625
224,N1,LRP231a,T. B HOSPITAL GATE BOX CULVERT,228.797,3.0,A,22.3963398830265,91.7582551580777
225,N1,LRP231b,GAMMON BRIDGE,229.203,18.0,A,22.3927175345622,91.7590882138248
226,N1,LRP232a,PAKKA MATA BOX CULVERT,230.13,3.0,A,22.38524588272,91.76250565776
227,N1,LRP233a,GLAXO BOX CULVERT,230.921,8.3,A,22.3797011826666,91.7670476533333
228,N1,LRP234a,CORNAIL HAT BOX CULVERT,231.966,3.0,A,22.3696841276595,91.7739258709219
229,N1,LRP236a,BOALIA BOX CULVERT,242.016,4.65,C,22.3599057425992,91.8522694918171
230,N1,LRP238a,BAKULIA BRIDGE,242.898,14.7,B,22.3522674714754,91.852622049836
231,N1,LRP239a,HAFAS BAGAR BRIDGE,244.367,38.4,B,22.3395393508599,91.8533871579852
232,N1,LRP240a,RAZAKATI BRIDGE,244.856,39.4,B,22.3357673216494,91.8538536927835
233,N1,LRP240c,RAJAKHALI RCC GIDER BRIDGE,244.975,48.5,A,22.3349153368556,91.8533979043814
234,N1,LRP241a,Hajrath Sha Amanath Satu,246.02,914.0,C,22.3266451369152,91.852759390139
235,N1,LRP242b,SHIKALBAHA BRIDGE,247.637,11.0,C,22.3129265129032,91.856181916129
236,N1,LRP243b,SHIKALBAHA,248.499,15.2,C,22.306457756,91.860449028
237,N1,LRP244a,SOUTH MITTACHORI,249.04,3.0,A,22.3026235524271,91.8635646970873
238,N1,LRP244b,SHIKALBAHA BOX CULVERT,249.348,5.7,B,22.3002851293515,91.8652980307167
239,N1,LRP244c,KADUMTOLI CULVERT,249.674,3.0,A,22.2975350260563,91.866363031514
240,N1,LRP245a,ISLAMPUR CULVERT,250.215,1.5,A,22.2932366309133,91.8684360651053
241,N1,LRP245b,NOLBILA CULVERT,250.519,3.0,A,22.2916421411764,91.8702911411764
242,N1,LRP246a,SHIKALBAHA MORE,250.841,3.0,A,22.2926079302013,91.8730201176733
243,N1,LRP246b,SHIKALBAHA BOX CULVERT,251.281,3.0,A,22.2944653526717,91.876717971374
244,N1,LRP247a,SHIKALBAHA BRIDGE,251.538,116.5,C,22.2962698699619,91.8807528022813
245,N1,LRP248a,SHANTERHAT CULVERT,252.506,3.0,B,22.2988369230769,91.8873512822898
246,N1,LRP249a,SHANTERHAT BOX CULVERT,253.777,3.1,B,22.3021025781938,91.8992582823788
247,N1,LRP250a,KUSUMPUR BOX CULVERT,254.333,3.0,A,22.3035365502293,91.9044227217889
248,N1,LRP251a,tassi bazer(R),255.505,3.0,A,22.3083189877358,91.9142153009434
249,N1,LRP251a,MUNSHA BOX CULVERT(L),255.505,10.8,B,22.3083189877358,91.9142153009434
250,N1,LRP252a,MONSHA CULVERT,256.378,3.0,A,22.3137546831094,91.9203176378118
251,N1,LRP252c,UTTOR SONAPUR,256.89,3.0,A,22.3157468089473,91.9243524131578
252,N1,LRP253a,Pirol,257.94,5.3,A,22.3137565607999,91.9339832312
253,N1,LRP255a,UZIRPUR HIGH SCHOOL,259.795,3.0,A,22.3084394099236,91.9483886979643
254,N1,LRP257a,PATIYA BRIDGE,262.116,50.8,C,22.3006016043999,91.9658457726
255,N1,LRP260a,PALYA BUS STATION,264.369,12.4,A,22.2911451997412,91.9833668252263
256,N1,LRP261a,SRIMI BRIDGE,265.483,60.5,C,22.2859320161666,91.992309198
257,N1,LRP262a,KOMOLMUNSHE HAT BOX CULVERT,266.424,14.0,B,22.2811424692972,91.9995571696216
258,N1,LRP263b,KHORNA CULVERT,267.818,3.0,A,22.2710895749999,92.00559725
259,N1,LRP264a,KHORNA BVS STATION,268.954,14.8,C,22.2611613745967,92.0073035838709
260,N1,LRP264c,AJIMPUR CUL,269.199,9.8,C,22.2590515857142,92.0081111238095
261,N1,LRP265a,MOJAFFARABAD,269.721,9.2,A,22.2549374824626,92.0103021287313
262,N1,LRP265b,MOJAFFORABAD BOX CULVERT,269.99,6.0,A,22.2531199613981,92.0119718729483
263,N1,LRP267a,MOJAFFORABAD,270.642,9.4,A,22.2487130149162,92.0158341025875
264,N1,LRP268a,ROWSONAT CUL,271.89,14.0,A,22.24038615762,92.0217918336116
265,N1,LRP268b,KANCHANAGAR CUL,272.356,14.0,A,22.2366345532374,92.0232647489208
266,N1,LRP269a,KHANCHANAGAR BADAMTOLA,273.008,12.6,B,22.2314978226851,92.0249656611111
267,N1,LRP269c,NORTH JOARA PAKKAR DOKAN,273.443,9.4,B,22.2260608528604,92.0264650356979
268,N1,LRP270a,GASBAREA BOX CULVERT,273.878,14.0,A,22.2222719897959,92.0273785979591
269,N1,LRP271a,GASBAREA COLLEGE BOX CULVERT,274.66,9.2,A,22.2155873504854,92.0290230394174
270,N1,LRP272a,MAZAR POINT BRIDGE,275.943,50.4,C,22.2071026538461,92.03633246993
271,N1,LRP272c,KHOLGHAR CUL,276.281,9.2,B,22.2049837597806,92.0383312340036
272,N1,LRP276a,NOYARHAT,280.299,12.3,B,22.1739178955307,92.0532925435754
273,N1,LRP279a,SANGO BRIDGE DOMAJAR,282.994,211.3,C,22.1586272806451,92.0682063096774
274,N1,LRP280a,KATGOR CULVERT,284.134,9.2,A,22.1498523145631,92.0696330718446
275,N1,LRP282a,MOULOVER DOKAN,285.58,12.4,A,22.1369522329341,92.0699301281437
276,N1,LRP282c,PATATR PULL CULVERT,286.08,15.4,A,22.1325208428571,92.0701565366459
277,N1,LRP282e,PATANER PULL(BRIDGE),286.378,34.6,A,22.1299160285714,92.0706024714285
278,N1,LRP283a,NOYAKHALAR MUK,286.631,28.0,A,22.1277338010309,92.0710012276288
279,N1,LRP283c,NOYAKHALARMUK,287.144,15.4,A,22.1230775989717,92.071701048329
280,N1,LRP283d,NOYA KHALAR MUK (KARANIERHAT) BOX CULVERT,287.487,20.4,A,22.1204875006655,92.0719705134775
281,N1,LRP284a,KARANERHAT CULVERT,288.329,5.0,A,22.1133524851063,92.0726869042553
282,N1,LRP286b,KARANERHAT CULVERT,289.889,7.2,A,22.09827857,92.074800422
283,N1,LRP287a,KOACHIA(MADARBHI),290.719,11.2,A,22.0935775004504,92.0805047995495
284,N1,LRP288a,MITADIGI ACADEMY,292.426,2.0,A,22.0840668315789,92.093196937799
285,N1,LRP289a,MITADIGI,293.134,12.6,A,22.080520608,92.0984855314285
286,N1,LRP291a,RAJGHATA BRIDGE,294.534,30.3,A,22.0695600813559,92.1042754237288
287,N1,LRP291c,THAKUR DIGI BOX CULVERT,294.77,2.0,A,22.0679099558303,92.1055530035335
288,N1,LRP291d,KHORIANAGAR BRIDGE,295.295,38.8,A,22.0637567157894,92.1071061094736
289,N1,LRP292a,NOYA PARA BOX CULVERT,295.625,2.5,A,22.06088615,92.10773337
290,N1,LRP292b,PODUA NOYA PARA BOX CULVERT,296.135,8.2,A,22.0565051155339,92.1090854592233
291,N1,LRP293a,PODUA BAZAR BOX CULVERT,296.647,12.6,A,22.0519296419354,92.1090613887096
292,N1,LRP293c,PODUA BAZAR BOX CULVERT,297.034,6.0,A,22.0483713234624,92.1081938519362
293,N1,LRP294a,BARO AWLIA(R),297.569,13.64,A,22.0440962566176,92.1070629529411
294,N1,LRP294c,TALOCKDNR PARA BOX CULVERT,298.405,2.5,A,22.0375898525773,92.1039891092783
295,N1,LRP294c,TALOCKDAR PARA,298.405,2.5,A,22.0375898525773,92.1039891092783
296,N1,LRP295a,AMIRABAD BOX CULVERT,299.057,2.5,A,22.031864884656,92.1041246666666
297,N1,LRP295b,AMIRABAD PC GIDER BRIDGE,299.434,68.8,A,22.0287013636363,92.1034293272727
298,N1,LRP296a,AMIRABAD LOHAGOR BOX CULVERT,299.756,2.0,A,22.0260045474972,92.1026967443826
299,N1,LRP296b,AMIRABAD LOHAGORA BOX CULVERT,300.406,10.0,A,22.0204980278439,92.1014277681473
300,N1,LRP298a,LOHAGORA L.S BOX CULVERT,302.237,3.0,A,22.0078200503225,92.0927765812903
301,N1,LRP299a,DIGIRPARK BOX CULVERT,302.729,12.6,A,22.0041726139784,92.0905686346236
302,N1,LRP299c,DIGIRPAR BOX CULVERT,303.237,6.2,A,22.00042964,92.0883193766666
303,N1,LRP300a,ZADUNAGOR FILLING BOX CULVERT,303.782,3.0,A,21.9958359641681,92.0874589126142
304,N1,LRP300b,ZADUNAPUR SHAPIR FILLING STATION -(2) BOX CULVERT,303.793,12.4,A,21.9957410021937,92.0874460645338
305,N1,LRP300d,KHASMOHAL ADUNAICR PC GIDER BRIDGE,304.217,58.8,A,21.9922334387096,92.0863582073732
306,N1,LRP301a,ZADUNAGOR BUS STATION BOX CULVERT,304.449,14.2,A,21.990280244375,92.08568596625
307,N1,LRP301b,Aadunagor bridge,304.857,24.2,A,21.9870408741379,92.0839943655172
308,N1,LRP302a,HATIAR PULL PC GIDER BRIDGE,305.527,22.5,A,21.9819040437735,92.080773326415
309,N1,LRP302c,HATIAR PULL BOX CULVERT,305.794,18.7,A,21.9804623633858,92.0788716271653
310,N1,LRP302e,SHIX DAR PARA BOX CULVERT,306.139,3.5,A,21.979298574269,92.0758492263157
311,N1,LRP303a,MUSKAMPANI PARA BOX CULVERT,307.229,2.5,A,21.9738684029498,92.0683204789577
312,N1,LRP304b,AODU NAGOR (2) BOX CULVERT,307.981,1.5,A,21.9689581196808,92.0641501117021
313,N1,LRP305a,RATAR KUL- SONTI BRIDGE,308.652,22.4,A,21.9622138572549,92.0633168764705
314,N1,LRP305c,BONPUKR PARA BOX CULVERT,309.038,8.2,A,21.9592401112903,92.0652791298387
315,N1,LRP306a,BON PUKUL PARA BOX CULVERT,309.355,3.0,A,21.9580321636363,92.0663932818182
316,N1,LRP306b,SANTI RCC GIDER BRIDGE,309.971,22.4,A,21.9520795406909,92.0678138084453
317,N1,LRP307a,SANTI BOX CULVERT,310.723,1.4,A,21.9453993720173,92.0669286609544
318,N1,LRP308a,BRICK FIELD BOX CULVERT,311.886,4.5,A,21.9360290154471,92.0625427235772
319,N1,LRP308b,BACK FILD BOX CULVERT,312.138,9.3,A,21.9339454415019,92.0616661541501
320,N1,LRP309a,AZIZNAGOR FOREST BOX CULVERT,312.354,4.5,A,21.9323086726114,92.0608009579617
321,N1,LRP309b,AZIZ NOGOR FOREST BOX CULVERT,312.609,4.7,A,21.93038125,92.0596840375
322,N1,LRP310a,AZIZNAGOR BOX CULVERT,313.947,2.0,A,21.9179119605128,92.0597362988034
323,N1,LRP310b,AZIZ NOGAR BOX CULVERT,314.144,3.0,A,21.9167591663366,92.0599899313531
324,N1,LRP311a,AZIZ NAGOR 1,314.502,4.0,A,21.9140727206278,92.0605472089686
325,N1,LRP311b,AZIZ NAGOR 2,315.009,9.2,A,21.909622912133,92.0605661266144
326,N1,LRP313b,HARBHANG CHOR,317.001,13.64,A,21.8910236519337,92.0597010756906
327,N1,LRP314a,GHOIL MARA BOX CULVERT,318.11,9.3,A,21.8812215213685,92.0590015447779
328,N1,LRP315a,HARBANG,318.796,3.0,A,21.8751197401574,92.0591098413385
329,N1,LRP316a,HARBANG,320.189,3.0,A,21.8628351415656,92.0594848712238
330,N1,LRP317a,HARBANGCHORA,320.513,56.4,A,21.8599725797297,92.0601907085585
331,N1,LRP318a,ALIPUR BOX CULVERT,321.305,14.3,A,21.8529287900552,92.0609576198894
332,N1,LRP318b,HARBANG,321.536,2.1,A,21.8508595323144,92.0609491344978
333,N1,LRP319a,HAR BAG BOX CULVERT,322.5,4.5,A,21.8429700741784,92.0635984638497
334,N1,LRP319b,HAR BAG BOX CULVERT,322.823,3.0,A,21.8403935683229,92.0649325472049
335,N1,LRP320a,ATKOTA,323.619,15.8,A,21.8341033152866,92.0682735910828
336,N1,LRP321a,AKOTA BAZAR BOX CULVERT,324.331,7.3,A,21.8280258214285,92.0713035547619
337,N1,LRP321b,BODOI TOLA RCC GIDER BRIDGE,324.607,46.0,A,21.8257831806122,92.0723466282313
338,N1,LRP321d,BODAITALI BOX CULVERT,325.153,12.4,A,21.8211428750483,92.0740201388781
339,N1,LRP322a,BODOITOLI BOX CULVERT,325.49,14.0,A,21.8181692602209,92.0739442353591
340,N1,LRP323b,BANIYAR CHORA,327.312,14.0,A,21.8034238025641,92.0772322128205
341,N1,LRP325a,NOL BELA-1 BOX CULVERT,329.084,20.6,A,21.787854008387,92.0788540064516
342,N1,LRP325c,NOL BELA BOX CULVERT,329.181,21.0,A,21.786997484,92.0789493159999
343,N1,LRP326a,NOLBELA BOX CULVERT,329.499,14.2,B,21.7841953311111,92.0792425355555
344,N1,LRP327a,DIDDA BAZAR BOX CULVERT,330.931,15.7,A,21.7735339222222,92.0839144733333
345,N1,LRP328a,MATHAMUHURI BRIDGE,331.259,300.0,C,21.7715943354948,92.0821099546075
346,N1,LRP331a,BANDI BAZAR BOX CULVERT,335.192,9.3,B,21.7401466184971,92.0826243745664
347,N1,LRP332a,KUMARIKOOL BOX CULVERT,335.38,14.0,A,21.7385629191489,92.0831876319149
348,N1,LRP332b,PASIYAKALI BOX CULVERT,336.054,5.2,A,21.7326068595588,92.0837488330882
349,N1,LRP332c,PASIYAKALI (2),336.237,38.8,A,21.7309878314917,92.0838156441988
350,N1,LRP333a,HASIRUGIGI,337.019,12.6,A,21.7240739341074,92.083544148476
351,N1,LRP335a,CHOHAJANYA (1),338.859,12.8,A,21.7092513759013,92.0806750603415
352,N1,LRP336a,CHOHAJANIYA (2),339.648,9.3,A,21.7028300370967,92.0786456251612
353,N1,LRP339a,JASJARI BRIDGE,342.77,59.6,A,21.676279289928,92.0768074748201
354,N1,LRP339c,DULAHAJARA (SAFARI PARK),343.243,14.0,A,21.6721049602836,92.0763992531915
355,N1,LRP340a,DULAHAJARA CULVERT,344.209,3.5,A,21.6629404415143,92.075071645953
356,N1,LRP341a,DULAHAJAR BRIDGE,344.531,54.4,A,21.6600543017045,92.0751025664772
357,N1,LRP342a,BOYRAGIR KHIL,345.592,61.0,C,21.6508560658227,92.0735619202531
358,N1,LRP342c,PAGOLARIBIL,345.911,4.5,A,21.6480847609561,92.0733292227091
359,N1,LRP345a,KHUTAKHALI,349.092,1.45,B,21.6225351880109,92.0737034768392
360,N1,LRP346a,khutakhali bazar,349.759,45.3,B,21.618376660401,92.0691713375939
361,N1,LRP347a,FULCHARI (NEWPARA),350.674,7.0,A,21.6065189670012,92.0623070695106
362,N1,LRP347b,FULCHARI (NEWPARA),350.99,5.2,A,21.6051753127979,92.0621198087829
363,N1,LRP348a,FULCHARI CULVERT,351.628,9.3,A,21.5985935301507,92.061801241206
364,N1,LRP348b,FULCHARI BAZAR,352.064,14.0,A,21.5960736973421,92.0614095408637
365,N1,LRP349a,NAPITE KHALI CULVERT,352.641,1.4,A,21.5894309740196,92.0630313509804
366,N1,LRP349b,NAPITE KHALI,353.162,4.5,C,21.5876028,92.0649047857142
367,N1,LRP350a,EAST NAPITL KHAL BOX CULVERT,353.694,2.5,A,21.5830741250341,92.0657158465116
368,N1,LRP351a,NAEK KHALI BOX CULVERT,354.739,12.4,A,21.5744075162901,92.0707446712247
369,N1,LRP352a,KHODIA BARI PRIMARY BOX CULVERT,356.261,9.5,A,21.5623201688888,92.0698139251851
370,N1,LRP353a,ISLAMABAD KHODIABARI BOX CULVERT,356.517,4.8,A,21.5603042595174,92.0691476
371,N1,LRP353b,ISLAMABAD KHODIA BARI BOX CULVERT,356.631,7.0,A,21.5594892512064,92.0689481
372,N1,LRP354a,EIDGAON BAZAR PC GIDER BRIDGE,357.264,46.0,A,21.5554256122448,92.0679503244898
373,N1,LRP354d,eidgaon,358.03,44.6,C,21.5470666065573,92.0668953754098
374,N1,LRP357a,SHAT GOREA PARA BOX CULVERT,360.345,14.0,A,21.5255297395348,92.0653252244186
375,N1,LRP357c,KALIRCHARA BOX CULVERT,360.551,8.0,A,21.5237332279069,92.0655747598837
376,N1,LRP357d,KALIRCHARA BAZAR BOX CULVERT,360.89,15.4,A,21.5207709407407,92.0661440629629
377,N1,LRP357f,KALIRCHAR,361.043,5.0,A,21.5195088091891,92.0666746302702
378,N1,LRP358a,RASHIDNAGAR,361.751,3.0,A,21.5137419731132,92.069340890566
379,N1,LRP358b,ROSHIDNAGAR CULVERT,362.168,2.5,A,21.5104396976562,92.0708606554687
380,N1,LRP359a,DOLERCHARA CULVERT,362.691,7.5,A,21.5065069274647,92.0733026419014
381,N1,LRP359b,DOLERCHARA CULVERT,362.889,12.4,A,21.5051319429577,92.0744452552816
382,N1,LRP360a,ROSHIDNAGAR (2),364.056,14.0,A,21.4957534922651,92.0776785856353
383,N1,LRP360c,"ROSHIDNAGAR U,R CULVERT",364.184,14.1,A,21.4948695143646,92.0783346952486
384,N1,LRP363b,JOARIANALA CULVERT,366.98,7.2,A,21.4782130684357,92.0947151779329
385,N1,LRP364a,JOARIANALA,367.362,14.0,A,21.4755164496,92.0967866511999
386,N1,LRP364c,JORIANALA,367.6,3.0,A,21.4738446327586,92.0980125862068
387,N1,LRP364d,JOARIANALA BAZAR PC GIDER BRIDGE(L),368.129,57.6,A,21.470055530337,92.1006402232209
388,N1,LRP364d,JOARIANALA BAZAR(R),368.129,57.6,A,21.470055530337,92.1006402232209
389,N1,LRP365a,JOARIANALA CULVERT,368.703,14.0,B,21.4655415307901,92.1026566882833
390,N1,LRP367a,MITA CHARI BOX CULVERT,370.799,9.2,A,21.4505569351351,92.0994681432432
391,N1,LRP368a,RAMU HOSPITAL GATE,371.64,1.5,A,21.4433865625,92.1012678785714
392,N1,LRP368c,MITACMARI RAMU BRIDGE,371.848,58.6,B,21.4418389714285,92.1007083571428
393,N1,LRP369a,MARULA (WEST),372.43,3.0,A,21.4372009552325,92.0983672723837
394,N1,LRP369b,MARULA BOX CULVERT,372.782,2.5,A,21.4342084624161,92.0972607067114
395,N1,LRP369c,RAMU BRAC OFFICE,373.192,7.2,A,21.4308087593886,92.0961182921397
396,N1,LRP370a,RAMU BY PASS MORE,373.424,3.5,A,21.4288400316455,92.0953913860759
397,N1,LRP370c,RAMU MOUR BOX CULVDERT,373.598,12.8,A,21.4283515971831,92.0940714267605
398,N1,LRP370e,ROMA CALLAGE BOX CULVERT,374.081,18.8,A,21.427895984,92.089450816
399,N1,LRP371a,ROMA TECHIPUL,374.655,8.2,A,21.4271063768115,92.0840258231884
400,N1,LRP371c,SAMBAR PUL CULVERT,375.035,7.4,A,21.4267747132812,92.0804427367187
401,N1,LRP372a,CHAKMARKOOL,375.416,12.4,A,21.4264716,92.0767771
402,N1,LRP372c,CHAKMAR KOOL BOX CULVERT,376.062,9.4,A,21.4273654498084,92.0708934808429
403,N1,LRP373a,KHURUTIA BOX CULVERT,376.931,2.0,A,21.4271759977099,92.0634431893129
404,N1,LRP373b,KHURULIA CULVERT,377.189,6.8,A,21.4273089357414,92.0610656669201
405,N1,LRP374a,KHURULIA SCHOOL BOX CULVERT,377.519,16.6,A,21.4278354522255,92.0579673860534
406,N1,LRP374c,KHURULIA SCHOOL BOX CULVERT,377.753,18.6,A,21.4280296848739,92.0557570361344
407,N1,LRP374e,KHURULIA CHAIRMAN PARA BOX CULVERT,378.02,7.2,A,21.4280584948275,92.0532281715517
408,N1,LRP375a,SARKAR PARA BRIDGE,378.492,13.0,A,21.4275245,92.0486482172786
409,N1,LRP375c,WEST DOVGE BOX CULVERT,379.004,10.9,A,21.4294452102564,92.0443807192307
410,N1,LRP376a,MUKTAR KUL,379.504,9.2,A,21.4297884,92.0395945696
411,N1,LRP377a,BAKKHALI BRIDGE,380.346,148.5,A,21.4294033629834,92.0318887491712
412,N1,LRP377c,MOHURI RARA BOX,380.615,3.5,A,21.4303257834586,92.0296206984962
413,N1,LRP377d,RABAR DAM BOX,380.759,10.3,A,21.4301539217391,92.0283434956521
414,N1,LRP377f,LINK ROAD CULVERT,381.374,9.0,A,21.426498621044,92.0238834076672
415,N1,LRP378a,BESIC AREA,381.985,4.5,C,21.423063061512,92.0267879589347
416,N1,LRP378b,BASIC ARIA (1),382.055,11.3,C,21.4226721680412,92.0272924520618
417,N1,LRP379a,KAMBIR GONA,382.649,2.4,C,21.4194017834586,92.031682906015
418,N1,LRP379b,HAMBIR GONA (1),383.098,7.2,B,21.4170232427616,92.0347260730512
419,N1,LRP379c,HAMBIR GONA-(2),383.269,8.1,C,21.4161167631868,92.0359357093406
420,N1,LRP380a,KANAR PARA,383.632,10.9,A,21.4142599314893,92.0386736859574
421,N1,LRP380c,SHORAR COOL,384.001,8.3,A,21.4124968430517,92.0395268517711
422,N1,LRP380e,SOUTH MITTA CHORI,384.358,8.3,B,21.4110029325153,92.0443379558282
423,N1,LRP381a,SOUTH MITHACHARI,384.788,2.2,B,21.4102488567901,92.0480366814814
424,N1,LRP381b,SOUTH MITHACHARI,384.978,8.2,A,21.4102981858461,92.0496622239999
425,N1,LRP381c,SOUTH MITTA CULVERT,385.237,1.9,A,21.4099236838827,92.0518884435897
426,N1,LRP382a,SOUTH MITHACHARI,385.614,3.0,A,21.4088399161904,92.0550238095238
427,N1,LRP382b,SOUTH MITHACHARI,385.78,2.8,A,21.4079574071005,92.0560124923076
428,N1,LRP382c,SHAMMOTI PARA,386.07,10.0,D,21.4063607143344,92.0580467784983
429,N1,LRP383a,CHALATOLI,386.494,1.6,A,21.4041499171641,92.0618387037313
430,N1,LRP383b,CHALIYATOLI,386.968,3.6,A,21.402009374844,92.0647406251559
431,N1,LRP383c,RAKALAN PARA STEEL BEAM AND RCC SLAB,387.23,8.0,C,21.4001878992395,92.0660829174905
432,N1,LRP383d,CHALIYA TOLI -2 ARCH MASONRY,387.398,1.3,C,21.3987858977186,92.0665265524714
433,N1,LRP384a,PANCHORI,387.843,8.3,A,21.3950144227586,92.0675884137931
434,N1,LRP384b,PANCHORA STEEL BEAM AND RCC SLAB,388.328,22.0,C,21.3908555107438,92.0684757008264
435,N1,LRP385a,PANAR CHORH -3 SLAB CULVERT,388.565,2.7,C,21.3888052,92.0689623
436,N1,LRP385b,PANCHARA SLAB CULVERT,388.733,2.7,B,21.3874538459459,92.0697162891891
437,N1,LRP385c,PANCHARA SLAB CULVERT,388.886,2.9,C,21.386218603409,92.0702884892045
438,N1,LRP385d,PANCHARA SLAB CULVERT,388.956,1.8,C,21.3856411333333,92.0704543196078
439,N1,LRP385e,PANAR CHORA SLAB CULVERT,389.101,2.8,B,21.3844064618421,92.0705223447368
440,N1,LRP385f,PANCHORI SLAB CULVERT,389.258,1.8,B,21.3831050828947,92.0708809157894
441,N1,LRP385g,PANCHARA SLAB CULVERT,389.282,1.7,A,21.3829076671052,92.0709510842105
442,N1,LRP386a,PANCHORI,389.538,0.8,A,21.3808422435754,92.0709982664804
443,N1,LRP386b,DALA -2 SLAB CULVERT,389.684,1.5,B,21.3796187798882,92.0706130385474
444,N1,LRP386c,DALA-2 SLAB CULVERT,389.724,1.5,A,21.3793128,92.0704913857142
445,N1,LRP386d,DALA-3 SLAB CULVERT,389.899,2.2,C,21.3778510915584,92.0703548240259
446,N1,LRP386e,DALA SLAB CULVERT,390.047,1.5,A,21.3768882285714,92.0711223285714
447,N1,LRP386f,DALA SLAB CULVERT,390.142,3.0,A,21.3762792890109,92.0717458313186
448,N1,LRP386g,DHALLA SLAB CULVERT,390.356,2.4,C,21.3750850565217,92.0730282999999
449,N1,LRP387a,PANAR CHORI SLAB CULVERT,390.506,1.3,A,21.3745372352601,92.0740615132948
450,N1,LRP387b,PANAR HORA SLAB CULVERT,390.595,1.3,A,21.3743800190751,92.0748617416184
451,N1,LRP387c,PANCR CHAR SLAB CULVERT,390.814,1.3,C,21.3737957588607,92.0766236613924
452,N1,LRP387d,TULA BAGAN SLAB CULVERT,391.031,1.3,C,21.3724168458515,92.0778930973799
453,N1,LRP387e,TULA BAGAN BOX CULVERT,391.255,1.3,A,21.3706902708737,92.0790672786407
454,N1,LRP387f,TELA BAGAN SLAB CULVERT,391.373,1.3,A,21.3697436389312,92.0796434824427
455,N1,LRP388a,TULA BAGAN.,391.521,1.3,A,21.3686452190839,92.0800514992366
456,N1,LRP388b,PARARHORA CULVERT,391.664,1.3,B,21.367599241791,92.0804686731343
457,N1,LRP388c,TULA BAGUN,391.997,7.1,C,21.3649267960264,92.0813617278145
458,N1,LRP388d,TULA BAGAN,392.093,1.3,B,21.3641002252199,92.0813316052785
459,N1,LRP388e,TOLA BAGAN,392.422,1.6,B,21.3613004264018,92.0805440936915
460,N1,LRP389a,TULA BAGAN,392.526,2.5,A,21.3604702002336,92.0801526114486
461,N1,LRP389b,NORTH-CONIAPARA,392.619,1.3,A,21.3597277864485,92.0798025359813
462,N1,LRP389c,NORTH CONIAPARA,392.742,2.2,C,21.3587458843457,92.0793395329439
463,N1,LRP389d,NORTH CONIA PARA BOX CULVERT,393.038,4.0,A,21.3562553024,92.0790827
464,N1,LRP390a,WEST CONIARA,393.764,21.5,A,21.3500251952038,92.0784342935251
465,N1,LRP390c,CONIA PARA,394.307,11.3,C,21.3453322117757,92.0789703396261
466,N1,LRP391a,KHONIA POLONG,394.681,14.1,A,21.3420893171962,92.0788538753271
467,N1,LRP391c,KHONIA POLONG.,395.328,2.3,B,21.3365566114155,92.0789637010654
468,N1,LRP392a,DOA PATONG,395.64,24.1,C,21.3338390771689,92.0790428645357
469,N1,LRP393a,JASOYA PALONG,396.596,45.6,C,21.3269177037394,92.0819708735826
470,N1,LRP393c,JASOYA PALONG RCC GIDER BRIDGE,397.144,5.0,C,21.3237869258823,92.0857429782352
471,N1,LRP394a,MORICHIA,397.591,11.2,D,21.3211087823529,92.0888836352941
472,N1,LRP394c,Jasoya check post.,397.679,1.3,B,21.3205831278931,92.0894967632047
473,N1,LRP394e,MARIECHA BAZAR,398.406,49.3,C,21.3162096661991,92.0939592732117
474,N1,LRP395a,MORICHIA PALONG,399.452,2.4,B,21.308226843421,92.0972648315789
475,N1,LRP396a,MORICHIA PALONG,400.027,2.3,C,21.3035165189189,92.0968487459459
476,N1,LRP396b,SHAPUR STEEL BEAM AND RCC SLAB,400.46,61.3,D,21.2997453619819,92.0974772590991
477,N1,LRP398a,SHAPUR,401.752,14.1,A,21.2887748,92.0999549688796
478,N1,LRP398b,COTBAZR MUSLIM HOS,401.89,11.0,B,21.28755005,92.1000623912863
479,N1,LRP398d,COURT BAZAR,402.323,10.3,A,21.2837382315436,92.1005546348993
480,N1,LRP400a,RATNAPALANG,403.495,14.0,A,21.2740057908634,92.1044223449799
481,N1,LRP400b,CHADIRIKHANA,403.509,23.5,A,21.2738921701807,92.1044785698795
482,N1,LRP400c,CHADIRIKHANA,403.79,23.5,A,21.271611640763,92.1056070839357
483,N1,LRP400e,EJILA,404.393,11.1,C,21.2676412724612,92.1091529913941
484,N1,LRP401a,HIZOLIA BRIDGE,404.487,50.6,C,21.2671335430292,92.1098720509466
485,N1,LRP401c,MODDO RAJAPALONG,404.774,11.5,C,21.2655833478485,92.1120674774526
486,N1,LRP402a,JADIMURA BRIDGE,405.728,6.6,C,21.2600473697902,92.1189860875524
487,N1,LRP402b,JADI MORA (2) CULVERT,405.969,2.4,A,21.2586242226573,92.1207179843356
488,N1,LRP402c,JADIMORA (3),406.218,17.0,A,21.2570550964285,92.1224165035714
489,N1,LRP403a,JADIMORA (1),406.517,2.4,A,21.2552064351464,92.1243872108786
490,N1,LRP403b,WEST OGALA,406.791,11.1,C,21.2538028,92.12659709
491,N1,LRP403d,OKYIA STATION,407.239,8.5,C,21.2504537,92.1307493
492,N1,LRP404a,UKLIA-SHAHABMARKAT,407.785,2.4,C,21.2489644871959,92.1328410912932
493,N1,LRP404b,UKHIYA BAZAR,408.235,20.7,B,21.2457262593333,92.1373042073333
494,N1,LRP408a,P. F PARA SLAB,411.81,2.0,A,21.2308784786138,92.1607571460396
495,N1,LRP408b,KUTUB PALONG,412.008,11.3,C,21.2293155332673,92.1613561450495
496,N1,LRP409a,KUTU - PALONG MOSZID SLAB,412.931,2.2,B,21.2215199757575,92.1617032590909
497,N1,LRP409b,KOSHO - BINNA - BRIDGE,413.235,10.9,C,21.218960082,92.162077758
498,N1,LRP409d,KASHO - BINNAI SLAB,413.43,2.1,C,21.21737604825,92.16248399175
499,N1,LRP410a,KATU PALLANG SLAB,413.66,2.0,A,21.2160115861386,92.1636641564356
500,N1,LRP410b,KUTUNG PALANG SLAB,413.901,1.8,A,21.2149359632653,92.1655512030612
501,N1,LRP410c,KOSUKONA,414.0,2.2,A,21.2144308612244,92.1664067448979
502,N1,LRP411a,BALAKHALI TV CENTER,415.056,6.4,A,21.2063047283582,92.1700180179104
503,N1,LRP411b,BALUKHALI-2 SLAB,415.296,2.2,A,21.2043409872865,92.1703567258064
504,N1,LRP412a,BALUKHALI KASTOM,415.574,3.1,A,21.2019671732447,92.1704006677419
505,N1,LRP412b,BALUKHALI OLD BUS STAND,416.057,39.3,A,21.197632418584,92.1705772646017
506,N1,LRP412d,BAKUHHALI KASHAMIA,416.354,3.0,A,21.1953155305785,92.1705074661157
507,N1,LRP413a,BALUKHALI,416.966,9.4,B,21.1907730988505,92.1680703199233
508,N1,LRP413b,BALUKHAKI,417.29,15.4,D,21.1888919350109,92.1658773557987
509,N1,LRP414a,GOGU GONA,418.231,1.2,A,21.1839744314735,92.1593026449213
510,N1,LRP415a,THANGKHALI BOX CULVERT,418.76,3.1,C,21.1797067107296,92.1578310562231
511,N1,LRP415b,THANG KHALI BOX CULVERT,419.036,3.1,B,21.177417156701,92.1570372113402
512,N1,LRP415c,THANG KHALI BRIDGE,419.278,48.8,C,21.1754208098765,92.1562526135802
513,N1,LRP416a,CHANG KHALI BRIDGE,419.63,9.4,C,21.1724828063829,92.1552940329787
514,N1,LRP416b,CHANG KHALI BRIDGE,419.88,31.1,B,21.1703723502057,92.1547387765432
515,N1,LRP416d,JAM TOLI BRIDGE,420.093,9.4,B,21.1688213638709,92.153662396129
516,N1,LRP416e,JAM TOLI BOX CULVERT,420.18,3.0,A,21.168232930909,92.1531459818181
517,N1,LRP416f,DAIM PARA BRIDGE,420.406,9.3,B,21.1666653482213,92.1523376486166
518,N1,LRP417a,DAIM PARA CULVERT,420.537,3.0,C,21.1655725596837,92.1522082019762
519,N1,LRP417b,DAIM PARA CULVERT,420.606,4.6,A,21.16498780625,92.152190071875
520,N1,LRP417c,DAIM PARA CULVERT,420.952,1.25,C,21.1619757444915,92.1523314669491
521,N1,LRP417d,DAIM PARA CULVERT,421.156,3.0,A,21.1602045009259,92.1525257175926
522,N1,LRP417e,PALONG KHALI CULVERT,421.358,3.0,C,21.1584534746478,92.1525195633802
523,N1,LRP418a,PALONG KHALI BAZAR (1),422.081,9.4,C,21.1524632792452,92.1534145867924
524,N1,LRP418b,PALONG KHALI BAZAR BRIDGE,422.447,15.2,C,21.1498906490706,92.1552156215613
525,N1,LRP419a,PALONG KHALI RCC GIDER BRIDGE,422.784,58.0,C,21.1477676743494,92.1570426250929
526,N1,LRP419c,KARUN TOLI RCC GIDER BRIDGE,423.442,3.3,B,21.1425462548387,92.159429216129
527,N1,LRP420a,GIRA TALI RCC GIDER BRIDGE,423.67,15.4,C,21.1408647661691,92.1605222283582
528,N1,LRP420c,GIVATOLI RCC GIDER BRIDGE,423.804,3.3,A,21.140210455058,92.1615530950248
529,N1,LRP420d,GIVA TOLI RCC GIDER BRIDGE,424.075,3.3,A,21.1388871840796,92.1636379074626
530,N1,LRP420e,GIVA TOLI BOX CULVERT,424.271,1.2,A,21.1380664956896,92.1651978
531,N1,LRP420f,GIVATOLI RCC GIDER BRIDGE,424.395,32.0,C,21.1379210829268,92.1663534195121
532,N1,LRP421a,KATA KHALI RCC GIDER BRIDGE,424.577,12.3,D,21.1376124564885,92.1680587053435
533,N1,LRP421c,ULI BANIA BOX CULVERT,424.783,1.2,C,21.1373350498154,92.1700112125461
534,N1,LRP421d,KHARA KANDI RCC GIDER BRIDGE,425.267,15.2,B,21.1366125359375,92.1745027796875
535,N1,LRP421f,ULUBANIA RCC GIDER BRIDGE,425.455,4.8,A,21.1360412976525,92.1760569938967
536,N1,LRP422a,ULIBANIA BOX CULVERT,425.715,1.3,C,21.1349149157894,92.1779379605263
537,N1,LRP422b,DMONIR GONA RCC GIDER BRIDGE,425.882,3.3,A,21.1342388024291,92.179158717004
538,N1,LRP422c,BALUR KHALI -(1) RCC GIDER BRIDGE,426.555,4.7,B,21.1318968873563,92.1846917362069
539,N1,LRP423a,BALU KHALI -2 BOX CULVERT,426.881,1.2,C,21.1299737216216,92.1868158522522
540,N1,LRP423b,BALU KHALI-3 BOX CULVERT,426.915,7.9,B,21.1297680981982,92.1870470012012
541,N1,LRP423c,W HIME KANG BOX CULVERT,427.041,1.2,A,21.1290060819819,92.187903612012
542,N1,LRP423d,WHIKE KANG BOX CULVERT,427.154,1.2,A,21.1283226864864,92.1886718423423
543,N1,LRP423e,WHIKE KANG BOX CULVERT,427.231,1.2,B,21.1278570099099,92.1891953267267
544,N1,LRP424a,wheke kang (1),427.622,6.4,A,21.125103688724,92.1913674700296
545,N1,LRP424b,WHIKE KANG BRIDGE,427.804,3.35,A,21.1237604940298,92.1921588880597
546,N1,LRP424c,MOA EX-KANG-BAZAR,427.918,13.0,C,21.1229108079646,92.1927223495575
547,N1,LRP424e,HOA EX KANG BAZAE,427.969,3.2,A,21.1225347168141,92.1929605601769
548,N1,LRP424g,HOACX KANG BARAR,428.095,73.3,C,21.1215698917647,92.1935169658823
549,N1,LRP425a,AMTULI BOX CULVERT,428.578,3.4,A,21.1184609383419,92.1962922290155
550,N1,LRP425b,TASSI-PARA BAR,428.89,2.8,A,21.1159743461538,92.1970744923076
551,N1,LRP425c,TAS SE BRIDGE HOANGK,429.081,12.8,B,21.1145580496021,92.1980208315649
552,N1,LRP425e,LAMBA-BIL PORA,429.491,1.2,A,21.1118930148936,92.2005928021276
553,N1,LRP426a,LAMBABIL MIDDLE PARA,429.615,1.2,A,21.1108101507936,92.2020956942857
554,N1,LRP426b,LAMBABIL MIDDLE,429.719,1.2,A,21.1098838904761,92.2033796485714
555,N1,LRP426c,LAMBA - BIL - (1) BOX CULVERT,429.912,2.8,A,21.108771344186,92.2048378697674
556,N1,LRP426d,LAM BA BIL (2) BOX CULVERT,430.072,2.8,A,21.1083165348837,92.2053339813953
557,N1,LRP426e,LAMBA BIL (3) BOX CULVERT,430.287,1.2,A,21.1078333,92.2061073045454
558,N1,LRP427a,LAMBA BIL BOX,430.582,1.2,C,21.1052944333333,92.20739816
559,N1,LRP427b,UNCHI - PRANG BRIDGE,430.978,34.2,A,21.1020295703488,92.2079394552325
560,N1,LRP427d,ON SIFAPAING BOX CULVERT,431.167,3.0,A,21.1005774145454,92.208578050909
561,N1,LRP427e,UNCHING OPLONG CULVERT (1),431.398,1.2,A,21.0988710315789,92.2096579157894
562,N1,LRP428a,KUTUB DIA PARA (1) CULVERT,431.877,2.7,A,21.0950312659147,92.2114600974937
563,N1,LRP428b,KUTUB DIA PARA CULVERT,431.946,2.7,A,21.0944452155388,92.2116762629072
564,N1,LRP428c,KUTUB - DIA PARA (3),432.19,4.2,A,21.0923827310126,92.2123111474683
565,N1,LRP428d,KANGOR PARA,432.411,2.7,A,21.0905260238297,92.2128845902127
566,N1,LRP429a,KANGOR PARA MOZGID,432.62,1.2,A,21.088867034104,92.213695567052
567,N1,LRP429b,KHAN GIOR PARA (1),432.865,2.8,A,21.0869591497109,92.2148363748555
568,N1,LRP429c,KHANGOR PRAMARY (2),432.924,1.2,A,21.0864997,92.2151111
569,N1,LRP429d,KHAN GOR PARA BRIDGE,433.178,14.0,B,21.0844125039525,92.2159198454545
570,N1,LRP429f,RHANCHOR PARA BOX CULVERT,433.441,1.2,A,21.0822419459459,92.2166012177177
571,N1,LRP430a,KHANCHOR PARA (2),433.665,1.0,A,21.0804429857142,92.2174040714285
572,N1,LRP430b,KHANCHOR PARA- BOX CULVERT,433.826,1.0,A,21.079224345977,92.2181232950191
573,N1,LRP430c,NOYA PARA (1) BOX CULVERT,434.124,3.0,A,21.077282565,92.2199300692307
574,N1,LRP430d,NOYA PARA (1) BRIDGE,434.37,6.1,C,21.0757171602316,92.2214353972973
575,N1,LRP431a,NAYAPARA,434.573,5.8,A,21.0741777849315,92.2222489445205
576,N1,LRP431b,NOYA PARA,434.831,1.3,A,21.0724929467032,92.2235128087912
577,N1,LRP431c,GIMON KHALI BRIDGE,435.013,5.8,B,21.071231875641,92.2242923685897
578,N1,LRP431d,GIM - MOGARI BRIDGE,435.22,7.5,C,21.0695363333333,92.2245687666666
579,N1,LRP432a,NINA BAZAR BOX CULVERT,435.748,1.2,A,21.0650398482758,92.2245345498084
580,N1,LRP432b,NOYA BAZAR BRIDGE,436.388,30.9,B,21.0598736617647,92.2263822093137
581,N1,LRP433a,NOYA BAZAR CULVERT,436.6,1.2,C,21.0579897631578,92.226509045614
582,N1,LRP433b,NAYA BAZAR BRIDGE,436.789,9.4,B,21.0562943527173,92.2266452831521
583,N1,LRP433c,NAYA BAZAR BRIDGE,437.063,11.8,B,21.0542867597222,92.2274586981481
584,N1,LRP433d,KHARANG KHALI - BOX CUVERT (1),437.484,2.8,C,21.0519406592592,92.2296964950617
585,N1,LRP434a,KHARANG KHAIL,437.961,1.2,C,21.0508486063492,92.233513137037
586,N1,LRP434b,MOULIVI BAZAR FISHARI BRIDGE,438.506,31.7,C,21.0464598480314,92.23512063937
587,N1,LRP435a,MOULOVI BAZAR BOX CULVERT (1),439.007,1.2,C,21.0422652012594,92.2367552062972
588,N1,LRP435b,MOULOVI BAZAR BOX CULVERT,439.235,1.2,C,21.0404408514814,92.2376541207407
589,N1,LRP435c,ALI AXBAR PARA BOX CULVERT,439.579,6.2,A,21.0376449596296,92.2390520348148
590,N1,LRP436a,NILA - HOAB RABG BRIDGE,440.028,32.1,B,21.0340308457564,92.2407063719557
591,N1,LRP437a,NILLA BOX CULVERT (1),440.724,4.4,A,21.0279544680791,92.2415858245762
592,N1,LRP437b,NILA. BARAR BOX CULVERT,440.977,2.9,A,21.0256598717703,92.2418041698564
593,N1,LRP438a,NILA - DORGA- PARA-(1) BOX,441.666,2.8,A,21.0198087471074,92.2428140276859
594,N1,LRP438b,NILA DOGA PARA BOX CULVERT,441.974,2.8,A,21.0173417560386,92.2438384763284
595,N1,LRP438c,NAT MURA PARA BOX CULVERT,442.161,1.9,A,21.015929034375,92.2447567
596,N1,LRP439a,CHOUDORIY PARA RCC GIDER BRIDGE,443.024,45.6,B,21.0097686468354,92.2495377240506
597,N1,LRP439c,RONGI HALI BOX CULVERT,443.564,2.8,B,21.0058252962264,92.252279838915
598,N1,LRP440a,RONGI- KHALI RCC GIDER BRIDGE,444.315,12.5,C,20.9994058966292,92.2537214265168
599,N1,LRP441a,ALA KHALI KUNA PARA,445.478,29.9,C,20.9893582625336,92.2545712327493
600,N1,LRP442a,LADA BAZAR BOX CULVERT,446.435,1.2,C,20.9813317189461,92.2521134830717
601,N1,LRP443a,LADAPARA RCC GIDER BRIDGE,446.71,36.6,C,20.9790279773542,92.2512228468609
602,N1,LRP443c,NAYAPARA BOX CULVERT,447.084,2.8,A,20.9759372216027,92.2499898655052
603,N1,LRP443d,NOYAPARA RCC GIDER BRIDGE,447.401,30.4,B,20.9732781770034,92.2493761152148
604,N1,LRP444a,NAYA PARA BOX CULVERT,447.893,1.2,A,20.9691570827586,92.2486529011494
605,N1,LRP444b,MOSINNI RCC GIDER BRIDGE,448.054,8.8,B,20.967853415126,92.2489720949579
606,N1,LRP444c,NOYA PARA CULVERT,448.391,1.2,A,20.9655685949554,92.2508723928783
607,N1,LRP444d,NOYA PARA CULVERT,448.481,1.2,A,20.9649678916913,92.2514288706231
608,N1,LRP444e,NOYA PARA (MUSJID) BOX CULVERT(L),448.581,1.2,A,20.9641892820433,92.2518817702786
609,N1,LRP444e,NOYA PARA BOX CULVERT(R),448.581,1.2,A,20.9641892820433,92.2518817702786
610,N1,LRP445a,NOYA PARA (BRAC SCHOOL),448.926,9.2,A,20.9614231446428,92.2532539928571
611,N1,LRP445b,JADIMURA (NOYA PARA)BRIDGE,449.101,41.75,B,20.9599449953642,92.2537187390728
612,N1,LRP445d,JADIMORH BOX CULVERT,449.439,1.2,A,20.9571000129411,92.2546526588235
613,N1,LRP446a,JADIMURA BRIDGE.,449.7,7.5,A,20.9549388422619,92.2555312529762
614,N1,LRP446b,Umor khali Bridge,450.446,35.5,A,20.9491451322709,92.2584208880478
615,N1,LRP446b,DOMDO MIA BRIDGE,450.446,37.2,C,20.9491451322709,92.2584208880478
616,N1,LRP446d,DONDO MIA BOX CULVERT,450.599,1.5,A,20.9481536869565,92.2592633282608
617,N1,LRP447a,DONDO MIA BOX CULVERT,450.759,2.7,A,20.9470947924242,92.2597883075757
618,N1,LRP447b,DOMMO MIA BOX CULVERT,450.943,1.2,A,20.9458507925133,92.2603333
619,N1,LRP447c,DHANDO MIA,451.328,38.6,C,20.9427885228723,92.260596812234
620,N1,LRP448a,DONDO MIA CHAK POST BRIDGE,451.984,51.0,B,20.93730526,92.26237497
621,N1,LRP448c,DOMDO MIA BRIDGE,452.561,13.5,B,20.9324260319587,92.2636134
622,N1,LRP449a,DOMDO MIA,452.624,13.5,B,20.9318757724226,92.263712625
623,N1,LRP449c,DONDOMIA,452.793,2.7,A,20.9303996793814,92.2639787999999
624,N1,LRP449d,DONOMIA,453.05,34.8,C,20.9281373875,92.264301196875
625,N1,LRP449f,DONMIA,453.372,2.7,D,20.9253890280839,92.2649451585301
626,N1,LRP450a,KARUMTOLI,453.95,37.6,B,20.9209276456603,92.2674528079245
627,N1,LRP450c,KARUNTON BOX CULVERT,454.219,1.2,A,20.9188881999999,92.26870765
628,N1,LRP450d,KARUM TOLI SHOTHA (1),454.33,6.0,A,20.91799614,92.2691008942857
629,N1,LRP450e,SHOLO BANDOR TAKNAF,454.498,6.0,A,20.9167064980392,92.2698571431372
630,N1,LRP451a,KAKUM TOLI CHACK BOX CULVERT,454.673,1.2,B,20.9153707224137,92.2707239706896
631,N1,LRP451b,KARUMTOLI (3)BOX CULVERT,454.769,2.8,A,20.9146350810344,92.2712067017241
632,N1,LRP451c,KARUMTOLI,455.062,34.3,B,20.9126751559322,92.2727211220339
633,N1,LRP451e,KARUM TOLI BOX CULVERT,455.206,1.3,A,20.9116242986547,92.2733424008968
634,N1,LRP451f,KARUMTOLI BRIDGE,455.366,23.7,C,20.9104284959641,92.2741396026905
635,N1,LRP451h,KARUM TOLI RCC GIDER BRIDGE,455.447,10.6,A,20.909823120852,92.2745431860986
636,N1,LRP451i,KARAN TOLI RCC GIDER BRIDGE,455.496,10.6,A,20.909456906278,92.2747873291479
637,N1,LRP452a,BAROY TOLI RCC GIDER BRIDGE,455.688,30.0,A,20.908032127731,92.2756905852941
638,N1,LRP452c,BORY TOLI SLAB CULVERT,455.765,2.8,A,20.9074479630252,92.2760590529411
639,N1,LRP452d,BORYTOLI SLAB CULVERT,455.975,2.8,A,20.9059771479674,92.2770855585365
640,N1,LRP452e,BARITOLI BOX CULVERT,456.064,2.8,A,20.9053051369863,92.2775738958904
641,N1,LRP452f,BAROY TOLI RCC GIDER BRIDGE,456.164,17.5,C,20.9045718551546,92.2780768381443
642,N1,LRP452h,BAROY TOLI RCC GIDER BRIDGE,456.287,8.3,C,20.9036912639175,92.2786932329896
643,N1,LRP452i,BARIY TOLI RCC GIDER BRIDGE,456.359,6.1,B,20.9032027737864,92.2790446582524
644,N1,LRP452j,NAITAN PARA RCC GIDER BRIDGE,456.549,23.0,B,20.9018849327974,92.2798735897106
645,N1,LRP453a,NAITOM PARA RCC GIDER BRIDGE,457.365,15.1,B,20.8970988542857,92.2850607666666
646,N1,LRP454a,NAITANG PARA RCC GIDER BRIDGE,457.751,9.0,A,20.8950896142857,92.2879523785714
647,N1,LRP454b,NAITOM PARA RCC GIDER BRIDGE,458.213,9.0,B,20.892271114035,92.2909840333333
648,N1,LRP455a,TEKNAF NAITANG RCC GIDER BRIDGE,458.799,37.3,B,20.8901584525606,92.2957180800539
649,N1,LRP456a,BUS STAND TEKNAF BOX CULVERT,459.681,1.5,A,20.8845667240506,92.2987158890295
650,N1,LRP456b,BUS STAND TEKNAF BOX CULVERT,459.866,1.5,C,20.8830704487341,92.2981629575949
651,N1,LRP456c,YAKNAT BRIDGE,460.113,35.9,C,20.8809852229698,92.2977774
