,Unnamed: 0,Road,LRPName,Lat,Lon,Chainage,Description,Length,Cat,Next Node,Add On Process
0,0,N1,LRPS,23.7060278,90.443333,0,0,0,0,LRPSa,BlankProcess
1,1,N1,LRPSa,23.7029167,90.4504167,0.814,0,0,0,LRPSb,BlankProcess
2,2,N1,LRPSb,23.7027778,90.4504722,0.822,0,0,0,LRP001,BlankProcess
3,3,N1,LRP001,23.7021389,90.4519722,1,0,0,0,LRP001a,BlankProcess
4,4,N1,LRP001a,23.69873866,90.45886108,1.8,.,11.3,A,LRP002,BridgesDelay
5,5,N1,LRP002,23.6978886,90.4605833,2,0,0,0,LRP002a,BlankProcess
6,6,N1,LRP002a,23.6973608,90.4616667,2.13,0,0,0,LRP003,BlankProcess
7,7,N1,LRP003,23.693833,90.4691382,3,0,0,0,LRP004,BlankProcess
8,8,N1,LRP004,23.6936108,90.4787771,4,0,0,0,LRP004a,BlankProcess
9,9,N1,LRP004a,23.6938052,90.4805271,4.175,0,0,0,LRP004b,BlankProcess
10,10,N1,LRP004b,23.69466384,90.48777492,4.925,.,6.6,A,LRP005,BridgesDelay
11,11,N1,LRP005,23.6947497,90.4884997,5,0,0,0,LRP006,BlankProcess
12,12,N1,LRP006,23.6959163,90.4981941,6,0,0,0,LRP007,BlankProcess
13,13,N1,LRP007,23.697333,90.50775,7,0,0,0,LRP007a,BlankProcess
14,14,N1,LRP007a,23.6979163,90.5092778,7.181,0,0,0,LRP008,BlankProcess
15,15,N1,LRP008,23.7020556,90.5157222,8,0,0,0,LRP008a,BlankProcess
16,16,N1,LRP008a,23.7021111,90.5157778,8.011,0,0,0,LRP008b,BlankProcess
17,17,N1,LRP008b,23.7045833,90.5188327,8.429,0,0,0,LRP009,BlankProcess
18,18,N1,LRP009,23.7050278,90.5193327,8.503,0,0,0,LRP009a,BlankProcess
19,19,N1,LRP009a,23.7060833,90.5215271,8.763,0,0,0,LRP010,BlankProcess
20,20,N1,LRP010,23.7025278,90.5273882,9.503,0,0,0,LRP010a,BlankProcess
21,21,N1,LRP010a,23.7015278,90.5281938,9.615,0,0,0,LRP011,BlankProcess
22,22,N1,LRP011,23.6966386,90.5348052,10.503,0,0,0,LRP010b,BlankProcess
23,23,N1,LRP010b,23.69439061,90.53757408,10.88,NOYAPARA CULVERT,6.3,A,LRP011a,BridgesDelay
24,24,N1,LRP011a,23.6943608,90.5376108,10.885,0,0,0,LRP010c,BlankProcess
25,25,N1,LRP010c,23.69430239,90.53770737,10.897,ADUPUR CULVERT,6.3,A,LRP011b,BridgesDelay
26,26,N1,LRP011b,23.6922774,90.5410552,11.313,0,0,0,LRP012,BlankProcess
27,27,N1,LRP012,23.6918052,90.5426108,11.497,0,0,0,LRP012a,BlankProcess
28,28,N1,LRP012a,23.6911108,90.5448886,11.745,0,0,0,LRP012b,BlankProcess
29,29,N1,LRP012b,23.6910552,90.5451386,11.771,0,0,0,LRP011c,BlankProcess
30,30,N1,LRP011c,23.69091193,90.5454625,11.808,NAYABARI BOX CULVERT,10.6,B,LRP012c,BridgesDelay
31,31,N1,LRP012c,23.6904163,90.546583,11.936,0,0,0,LRP013,BlankProcess
32,32,N1,LRP013,23.6865274,90.5504167,12.524,0,0,0,LRP013a,BlankProcess
33,33,N1,LRP013a,23.68558303,90.55120798,12.66,MADAN PUR (R),26.3,A,LRP014,BridgesDelay
34,34,N1,LRP014,23.678166,90.5556111,13.524,0,0,0,LRP014a,BlankProcess
35,35,N1,LRP014a,23.6778035,90.55581943,13.574,KAWTALA BOX CULVERT,11.9,A,LRP015,BridgesDelay
36,36,N1,LRP015,23.670916,90.5597778,14.524,0,0,0,LRP015a,BlankProcess
37,37,N1,LRP015a,23.6705827,90.5599722,14.563,0,0,0,LRP016a,BlankProcess
38,38,N1,LRP016a,23.66330907,90.56385699,15.465,MALIBAG BOX CULVERT,5.55,B,LRP016,BridgesDelay
39,39,N1,LRP016,23.6628333,90.5641111,15.524,0,0,0,LRP016b,BlankProcess
40,40,N1,LRP016b,23.6591111,90.5697216,16.242,0,0,0,LRP016c,BlankProcess
41,41,N1,LRP016c,23.6583056,90.5709993,16.402,0,0,0,LRP017,BlankProcess
42,42,N1,LRP017,23.6575,90.5719716,16.524,0,0,0,LRP017a,BlankProcess
43,43,N1,LRP017a,23.6559722,90.5743327,16.831,0,0,0,LRP017b,BlankProcess
44,44,N1,LRP017b,23.65442571,90.57673023,17.134,LANGOLBANDO PC GIDER BRIDGE,159.5,B,LRP017c,BridgesDelay
45,45,N1,LRP017c,23.6540556,90.5772771,17.204,0,0,0,LRP017d,BlankProcess
46,46,N1,LRP017d,23.6539167,90.5774993,17.234,0,0,0,LRP018,BlankProcess
47,47,N1,LRP018,23.6525278,90.5798882,17.524,0,0,0,LRP018a,BlankProcess
48,48,N1,LRP018a,23.6508889,90.5826382,17.863,0,0,0,LRP018b,BlankProcess
49,49,N1,LRP018b,23.6506944,90.5829993,17.904,0,0,0,LRP018c,BlankProcess
50,50,N1,LRP018c,23.6497544,90.58454901,18.093,SONARKALI BRIDGE(L),24.5,B,LRP019,BridgesDelay
51,51,N1,LRP019,23.6476108,90.588083,18.524,0,0,0,LRP019a,BlankProcess
52,52,N1,LRP019a,23.64596859,90.58921198,18.742,MOLLIK PARA P.C(L),40.5,B,LRP019b,BridgesDelay
53,53,N1,LRP019b,23.6397497,90.5926941,19.521,0,0,0,LRP020,BlankProcess
54,54,N1,LRP020,23.6396941,90.5927219,19.524,0,0,0,LRP020a,BlankProcess
55,55,N1,LRP020a,23.63795437,90.5936674,19.76,KRIBORDI BOX CULVERT,6,A,LRP020b,BridgesDelay
56,56,N1,LRP020b,23.6341108,90.5970274,20.342,0,0,0,LRP020c,BlankProcess
57,57,N1,LRP020c,23.6335552,90.5976941,20.442,0,0,0,LRP021,BlankProcess
58,58,N1,LRP021,23.6330549,90.5982774,20.524,0,0,0,LRP021c,BlankProcess
59,59,N1,LRP021c,23.62846685,90.60230157,21.184,MARIKHALL BRIDGE,89.2,A,LRP021a,BridgesDelay
60,60,N1,LRP021a,23.6262771,90.6042222,21.499,0,0,0,LRP022,BlankProcess
61,61,N1,LRP022,23.6252216,90.6049722,21.629,0,0,0,LRP022a,BlankProcess
62,62,N1,LRP022a,23.6242216,90.6055278,21.765,0,0,0,LRP022b,BlankProcess
63,63,N1,LRP022b,23.6224993,90.6066944,21.993,0,0,0,LRP022c,BlankProcess
64,64,N1,LRP022c,23.6204716,90.6079722,22.252,0,0,0,LRP022d,BlankProcess
65,65,N1,LRP022d,23.6195271,90.6085833,22.374,0,0,0,LRP023a,BlankProcess
66,66,N1,LRP023a,23.6176408,90.60955061,22.596,ASHIR CHAR (Right),224.8,A,LRP023,BridgesDelay
67,67,N1,LRP023,23.6173604,90.6096944,22.629,0,0,0,LRP023c,BlankProcess
68,68,N1,LRP023c,23.61358738,90.61090296,23.081,ASHARIR CHAR (L),120.1,A,LRP024,BridgesDelay
69,69,N1,LRP024,23.609,90.6124722,23.629,0,0,0,LRP024a,BlankProcess
70,70,N1,LRP024a,23.6018611,90.6159722,24.503,0,0,0,LRP025,BlankProcess
71,71,N1,LRP025,23.6009444,90.6165556,24.629,0,0,0,LRP026,BlankProcess
72,72,N1,LRP026,23.5959997,90.624666,25.629,0,0,0,LRP026a,BlankProcess
73,73,N1,LRP026a,23.59298188,90.62796994,26.115,TATULTALA CULVERT,5.6,A,LRP026b,BridgesDelay
74,74,N1,LRP026b,23.59080885,90.63023686,26.452,BAILAKANDI CULVERT,5.5,A,LRP027,BridgesDelay
75,75,N1,LRP027,23.5896108,90.6313882,26.629,0,0,0,LRP027a,BlankProcess
76,76,N1,LRP027a,23.58631812,90.63450942,27.12,MALUAKANDI CULVEDRT,5.6,A,LRP028,BridgesDelay
77,77,N1,LRP028,23.5828327,90.6378886,27.629,0,0,0,LRP028a,BlankProcess
78,78,N1,LRP028a,23.5825827,90.6381386,27.668,0,0,0,LRP028b,BlankProcess
79,79,N1,LRP028b,23.577916,90.6419719,28.324,0,0,0,LRP028c,BlankProcess
80,80,N1,LRP028c,23.5776104,90.6421108,28.363,0,0,0,LRP029,BlankProcess
81,81,N1,LRP029,23.5745271,90.6436941,28.759,0,0,0,LRP029b,BlankProcess
82,82,N1,LRP029b,23.5718327,90.6453052,29.113,0,0,0,LRP029a,BlankProcess
83,83,N1,LRP029a,23.57163063,90.64541592,29.138,ANARPUR BRIDGE(R),29,A,LRP030,BridgesDelay
84,84,N1,LRP030,23.5666111,90.6481663,29.759,0,0,0,LRP030a,BlankProcess
85,85,N1,LRP030a,23.5639167,90.6501944,30.127,0,0,0,LRP030b,BlankProcess
86,86,N1,LRP030b,23.5636944,90.6504722,30.165,0,0,0,LRP030c,BlankProcess
87,87,N1,LRP030c,23.5604167,90.6542222,30.697,0,0,0,LRP030d,BlankProcess
88,88,N1,LRP030d,23.5602222,90.6545,30.735,0,0,0,LRP031,BlankProcess
89,89,N1,LRP031,23.5599722,90.6548056,30.774,0,0,0,LRP031a,BlankProcess
90,90,N1,LRP031a,23.5590278,90.6559444,30.936,0,0,0,LRP031b,BlankProcess
91,91,N1,LRP031b,23.5564444,90.6588611,31.348,0,0,0,LRP031c,BlankProcess
92,92,N1,LRP031c,23.5562222,90.6591389,31.388,0,0,0,LRP032,BlankProcess
93,93,N1,LRP032,23.5538056,90.6619722,31.783,0,0,0,LRP032a,BlankProcess
94,94,N1,LRP032a,23.5523333,90.6636667,32.025,0,0,0,LRP032d,BlankProcess
95,95,N1,LRP032d,23.55174219,90.66435388,32.121,BOBARCHAR BRIDGE(L),28.9,A,LRP033,BridgesDelay
96,96,N1,LRP033,23.5487497,90.6678327,32.607,0,0,0,LRP033b,BlankProcess
97,97,N1,LRP033b,23.54762464,90.66919207,32.796,NOYAPARA,5.2,A,LRP033a,BridgesDelay
98,98,N1,LRP033a,23.5474163,90.6694438,32.831,0,0,0,LRP033c,BlankProcess
99,99,N1,LRP033c,23.5442219,90.6731104,33.351,0,0,0,LRP034a,BlankProcess
100,100,N1,LRP034a,23.54268543,90.67482921,33.591,MADHAYA BAUSHIA(L),70,A,LRP034,BridgesDelay
102,102,N1,LRP034,23.542583,90.6749438,33.607,0,0,0,LRP034c,BlankProcess
103,103,N1,LRP034c,23.53939102,90.67845779,34.111,BOCTAR KANDI BOX CULVERT,5.1,C,LRP035,BridgesDelay
104,104,N1,LRP035,23.5362497,90.681916,34.607,0,0,0,LRP035a,BlankProcess
105,105,N1,LRP035a,23.536083,90.6821382,34.641,0,0,0,LRP035b,BlankProcess
106,106,N1,LRP035b,23.5358608,90.6823604,34.681,0,0,0,LRP035c,BlankProcess
107,107,N1,LRP035c,23.5341386,90.6843052,34.956,0,0,0,LRP036a,BlankProcess
108,108,N1,LRP036a,23.53139966,90.68744893,35.408,BORAKANDI BRIDGE(L),24.5,B,LRP036,BridgesDelay
109,109,N1,LRP036,23.5301938,90.688833,35.607,0,0,0,LRP036c,BlankProcess
110,110,N1,LRP036c,23.53015196,90.68979518,35.707,CHAR BOUSHEA (2),8.4,A,LRP037,BridgesDelay
111,111,N1,LRP037,23.5301382,90.6984997,36.607,0,0,0,LRP037a,BlankProcess
112,112,N1,LRP037a,23.53038447,90.70244027,37.01,Daud Kandi Bridge,1408.8,C,LRP038,BridgesDelay
113,113,N1,LRP038,23.5307493,90.7082778,37.607,0,0,0,LRP038a,BlankProcess
114,114,N1,LRP038a,23.5307771,90.7090278,37.685,0,0,0,LRP038b,BlankProcess
115,115,N1,LRP038b,23.5313882,90.7153611,38.04,0,0,0,LRP038c,BlankProcess
116,116,N1,LRP038c,23.5314716,90.7172216,38.466,0,0,0,LRP038d,BlankProcess
117,117,N1,LRP038d,23.5315271,90.7173604,38.543,0,0,0,LRP038e,BlankProcess
118,118,N1,LRP038e,23.5315827,90.7176104,38.56,0,0,0,LRP039,BlankProcess
119,119,N1,LRP039,23.5317216,90.7180271,38.607,0,0,0,LRP039a,BlankProcess
120,120,N1,LRP039a,23.5322346,90.72262984,39.12,0,0,0,LRP040b,BlankProcess
121,121,N1,LRP040b,23.5324186,90.72428072,39.304,BALDHA KHAL RCC GIDER BRIDGE,21.8,C,LRP040,BridgesDelay
122,122,N1,LRP040,23.5327216,90.7269993,39.607,0,0,0,LRP040c,BlankProcess
123,123,N1,LRP040c,23.53175878,90.72917801,39.86,MAIS PARA BOX CULVERT,6,B,LRP041,BridgesDelay
124,124,N1,LRP041,23.528916,90.7356108,40.607,0,0,0,LRP042,BlankProcess
125,125,N1,LRP042,23.5289993,90.7419441,41.261,0,0,0,LRP042a,BlankProcess
126,126,N1,LRP042a,23.5293882,90.7514167,42.228,0,0,0,LRP042b,BlankProcess
127,127,N1,LRP042b,23.5293882,90.7515833,42.245,0,0,0,LRP043,BlankProcess
128,128,N1,LRP043,23.529416,90.75175,42.269,0,0,0,LRP043a,BlankProcess
129,129,N1,LRP043a,23.52980506,90.75825325,42.936,SHAHID NAGIR,16.5,C,LRP044,BridgesDelay
130,130,N1,LRP044,23.5299993,90.7615,43.269,0,0,0,LRP045,BlankProcess
131,131,N1,LRP045,23.5304438,90.7713049,44.269,0,0,0,LRP045a,BlankProcess
132,132,N1,LRP045a,23.5304993,90.7731104,44.454,0,0,0,LRP046a,BlankProcess
133,133,N1,LRP046a,23.53076553,90.78007973,45.164,SARKAR BARI CULVERT,3.9,C,LRP046,BridgesDelay
134,134,N1,LRP046,23.5308049,90.7811104,45.269,0,0,0,LRP046b,BlankProcess
135,135,N1,LRP046b,23.530666,90.7821938,45.388,0,0,0,LRP046c,BlankProcess
136,136,N1,LRP046c,23.5312216,90.7895552,46.161,0,0,0,LRP047,BlankProcess
137,137,N1,LRP047,23.531166,90.7907219,46.269,0,0,0,LRP047a,BlankProcess
138,138,N1,LRP047a,23.5306938,90.7924441,47.224,0,0,0,LRP048,BlankProcess
139,139,N1,LRP048,23.5308604,90.8002222,47.269,0,0,0,LRP048a,BlankProcess
140,140,N1,LRP048a,23.5308882,90.8041389,47.672,0,0,0,LRP048b,BlankProcess
141,141,N1,LRP048b,23.530916,90.8043611,47.692,0,0,0,LRP049,BlankProcess
142,142,N1,LRP049,23.5316382,90.8099167,48.269,0,0,0,LRP049a,BlankProcess
143,143,N1,LRP049a,23.53182348,90.81101551,48.384,Ginlatoly,15.9,C,LRP050,BridgesDelay
144,144,N1,LRP050,23.5332493,90.8194716,49.269,0,0,0,LRP050a,BlankProcess
145,145,N1,LRP050a,23.5346663,90.8249716,49.863,0,0,0,LRP050b,BlankProcess
146,146,N1,LRP050b,23.5347219,90.8251104,49.879,0,0,0,LRP051,BlankProcess
147,147,N1,LRP051,23.5344997,90.8287216,50.269,0,0,0,LRP051a,BlankProcess
148,148,N1,LRP051a,23.53297433,90.83097748,50.558,RAIPUR BOX CULVERT,12.2,A,LRP052,BridgesDelay
149,149,N1,LRP052,23.5292216,90.8365274,51.269,0,0,0,LRP052a,BlankProcess
150,150,N1,LRP052a,23.5270549,90.8391386,51.636,0,0,0,LRP053,BlankProcess
151,151,N1,LRP053,23.523166,90.8438886,52.269,0,0,0,LRP053a,BlankProcess
152,152,N1,LRP053a,23.52291667,90.84421861,52.313,AITAL BANGA BOX CULVERT,4.5,C,LRP054,BridgesDelay
153,153,N1,LRP054,23.5174993,90.8513889,53.269,0,0,0,LRP055,BlankProcess
154,154,N1,LRP055,23.5170827,90.8607778,54.269,0,0,0,LRP056,BlankProcess
155,155,N1,LRP056,23.5135833,90.8697771,55.269,0,0,0,LRP056a,BlankProcess
156,156,N1,LRP056a,23.5133056,90.8703049,55.333,0,0,0,LRP056b,BlankProcess
157,157,N1,LRP056b,23.5131111,90.8706382,55.375,0,0,0,LRP056c,BlankProcess
158,158,N1,LRP056c,23.5126667,90.871416,55.477,0,0,0,LRP057,BlankProcess
159,159,N1,LRP057,23.5088056,90.8778604,56.269,0,0,0,LRP058,BlankProcess
160,160,N1,LRP058,23.506,90.8869163,57.269,0,0,0,LRP058a,BlankProcess
161,161,N1,LRP058a,23.5056111,90.8958886,58.191,0,0,0,LRP059,BlankProcess
162,162,N1,LRP059,23.5056389,90.8966108,58.269,0,0,0,LRP059a,BlankProcess
163,163,N1,LRP059a,23.50600243,90.90217454,58.838,KHAT GHOR BOX CULVERT,5.9,B,LRP060,BridgesDelay
164,164,N1,LRP060,23.5062778,90.9063889,59.269,0,0,0,LRP060a,BlankProcess
165,165,N1,LRP060a,23.50575,90.91525,60.18,0,0,0,LRP061,BlankProcess
166,166,N1,LRP061,23.5057222,90.9160278,60.269,0,0,0,LRP061a,BlankProcess
167,167,N1,LRP061a,23.50561314,90.92146602,60.83,BAKRA BOX CULVERT,3,B,LRP062,BridgesDelay
168,168,N1,LRP062,23.5055278,90.9257216,61.269,0,0,0,LRP063,BlankProcess
169,169,N1,LRP063,23.5042778,90.9354163,62.269,0,0,0,LRP063a,BlankProcess
170,170,N1,LRP063a,23.5043333,90.9354719,62.278,0,0,0,LRP063b,BlankProcess
171,171,N1,LRP063b,23.5038611,90.9371386,62.542,0,0,0,LRP063c,BlankProcess
172,172,N1,LRP063c,23.5028611,90.9412774,62.894,0,0,0,LRP064a,BlankProcess
173,173,N1,LRP064a,23.50240778,90.94324189,63.098,MATIA BAZER,6,B,LRP064,BridgesDelay
174,174,N1,LRP064,23.5020278,90.9448886,63.269,0,0,0,LRP064c,BlankProcess
175,175,N1,LRP064c,23.50135519,90.94738441,63.538,SONAPUR BOX CULVERT,3,A,LRP065,BridgesDelay
176,176,N1,LRP065,23.4995274,90.9541667,64.269,0,0,0,LRP066,BlankProcess
177,177,N1,LRP066,23.4986386,90.9651111,65.269,0,0,0,LRP066a,BlankProcess
178,178,N1,LRP066a,23.4980552,90.9660278,65.543,0,0,0,LRP067,BlankProcess
179,179,N1,LRP067,23.4972774,90.9674716,65.726,0,0,0,LRP067a,BlankProcess
180,180,N1,LRP067a,23.49589631,90.97157725,66.178,KARON KHAL SLAB CULVERT,4.6,B,LRP068,BridgesDelay
181,181,N1,LRP068,23.4942219,90.9765549,66.726,0,0,0,LRP069,BlankProcess
182,182,N1,LRP069,23.4942497,90.985833,67.726,0,0,0,LRP068a,BlankProcess
183,183,N1,LRP068a,23.49327281,90.98872004,68.04,MILL GHAT BOX CULVERT,4.5,A,LRP070,BridgesDelay
184,184,N1,LRP070,23.4911386,90.9950274,68.726,0,0,0,LRP070a,BlankProcess
185,185,N1,LRP070a,23.4894441,91.0033056,69.616,0,0,0,LRP070b,BlankProcess
186,186,N1,LRP070b,23.4893886,91.0034722,69.638,0,0,0,LRP071,BlankProcess
187,187,N1,LRP071,23.4896108,91.0043056,69.709,0,0,0,LRP072,BlankProcess
188,188,N1,LRP072,23.4893052,91.0112778,70.443,0,0,0,LRP072b,BlankProcess
189,189,N1,LRP072b,23.4889441,91.01225,70.557,0,0,0,LRP073,BlankProcess
190,190,N1,LRP073,23.488333,91.0140833,70.755,0,0,0,LRP072a,BlankProcess
191,191,N1,LRP072a,23.48688059,91.01756669,71.156,CHANDINA- SHAHA PARA RCC GIDER GRIDGE,23.1,C,LRP074,BridgesDelay
192,192,N1,LRP074,23.4846386,91.0229438,71.775,0,0,0,LRP075,BlankProcess
193,193,N1,LRP075,23.4827771,91.0321382,72.775,0,0,0,LRP075a,BlankProcess
194,194,N1,LRP075a,23.481166,91.0404441,73.688,0,0,0,LRP076,BlankProcess
195,195,N1,LRP076,23.4814716,91.0419719,73.829,0,0,0,LRP076a,BlankProcess
196,196,N1,LRP076a,23.4820827,91.0504167,74.7,0,0,0,LRP077,BlankProcess
197,197,N1,LRP077,23.4821382,91.0516944,74.829,0,0,0,LRP078,BlankProcess
198,198,N1,LRP078,23.4815549,91.0613611,75.829,0,0,0,LRP077a,BlankProcess
199,199,N1,LRP077a,23.48061309,91.06740977,76.481,NIMSHAR SLAB CULVERT,1.5,A,LRP079,BridgesDelay
200,200,N1,LRP079,23.4801104,91.0706382,76.829,0,0,0,LRP080,BlankProcess
201,201,N1,LRP080,23.4770271,91.0794716,77.829,0,0,0,LRP079a,BlankProcess
202,202,N1,LRP079a,23.47767229,91.08474064,78.382,KABILA DUBARCHAR SLAB CULVERT,1,C,LRP081,BridgesDelay
203,203,N1,LRP081,23.4781938,91.0889997,78.829,0,0,0,LRP082,BlankProcess
204,204,N1,LRP082,23.4775549,91.0986663,79.829,0,0,0,LRP082a,BlankProcess
205,205,N1,LRP082a,23.4778604,91.1036111,80.342,0,0,0,LRP083,BlankProcess
206,206,N1,LRP083,23.4779993,91.1055278,80.829,0,0,0,LRP081a,BlankProcess
207,207,N1,LRP081a,23.4781159,91.10703321,80.949,NAZIRA BOX CULVERT,3,B,LRP084,BridgesDelay
208,208,N1,LRP084,23.4789716,91.1179993,81.829,0,0,0,LRP084a,BlankProcess
209,209,N1,LRP084a,23.4789716,91.118166,81.846,0,0,0,LRP084b,BlankProcess
210,210,N1,LRP084b,23.4793327,91.1234716,82.393,0,0,0,LRP083a,BlankProcess
211,211,N1,LRP083a,23.47940839,91.12389208,82.437,TIPRA BAZAR BOX CULVERT,1.4,A,LRP085,BridgesDelay
212,212,N1,LRP085,23.4800827,91.1276382,82.829,0,0,0,LRP083b,BlankProcess
213,213,N1,LRP083b,23.47954492,91.12904714,82.989,AMTOLI SLAB CULVERT,2.9,A,LRP086,BridgesDelay
214,214,N1,LRP086,23.4767216,91.1364441,83.829,0,0,0,LRP087,BlankProcess
215,215,N1,LRP087,23.4682216,91.1394441,84.829,0,0,0,LRP088,BlankProcess
216,216,N1,LRP088,23.4595833,91.1421386,85.829,0,0,0,LRP089,BlankProcess
217,217,N1,LRP089,23.4513056,91.1460552,86.829,0,0,0,LRP089a,BlankProcess
218,218,N1,LRP089a,23.448833,91.1471386,87.132,0,0,0,LRP089b,BlankProcess
219,219,N1,LRP089b,23.4486386,91.1472497,87.156,0,0,0,LRP089c,BlankProcess
220,220,N1,LRP089c,23.4469441,91.1481386,87.366,0,0,0,LRP088a,BlankProcess
221,221,N1,LRP088a,23.44363396,91.14936682,87.713,DHANPUR RCC GIDER BRIDGE,23.4,A,LRP090,BridgesDelay
222,222,N1,LRP090,23.4425274,91.1497774,87.829,0,0,0,LRP091,BlankProcess
223,223,N1,LRP091,23.4373886,91.1521944,88.513,0,0,0,LRP092,BlankProcess
224,224,N1,LRP092,23.4288882,91.1553889,89.513,0,0,0,LRP093,BlankProcess
225,225,N1,LRP093,23.4236938,91.1626944,90.493,0,0,0,LRP093a,BlankProcess
226,226,N1,LRP093a,23.4235827,91.1629722,90.521,0,0,0,LRP093b,BlankProcess
227,227,N1,LRP093b,23.423416,91.1632778,90.558,0,0,0,LRP093c,BlankProcess
228,228,N1,LRP093c,23.4213604,91.167666,91.066,0,0,0,LRP092a,BlankProcess
229,229,N1,LRP092a,23.42124877,91.16789434,91.092,PADUAR BAZER RCCGIDER,35.9,B,LRP094,BridgesDelay
230,230,N1,LRP094,23.4195271,91.171416,91.493,0,0,0,LRP095,BlankProcess
231,231,N1,LRP095,23.4149444,91.1801382,92.121,0,0,0,LRP095a,BlankProcess
232,232,N1,LRP095a,23.4131111,91.1846663,92.632,0,0,0,LRP095b,BlankProcess
233,233,N1,LRP095b,23.4130556,91.1849163,92.66,0,0,0,LRP096,BlankProcess
234,234,N1,LRP096,23.4125,91.1893886,93.121,0,0,0,LRP094a,BlankProcess
235,235,N1,LRP094a,23.41193242,91.19390298,93.6,MOSTAPUR RCC GIDER BRIDGE,27.9,B,LRP097,BridgesDelay
236,236,N1,LRP097,23.4113056,91.1988886,94.129,0,0,0,LRP098,BlankProcess
237,237,N1,LRP098,23.4100833,91.2087778,95.156,0,0,0,LRP099,BlankProcess
238,238,N1,LRP099,23.4048056,91.2165278,96.173,0,0,0,LRP099a,BlankProcess
239,239,N1,LRP099a,23.40375,91.2176382,96.345,0,0,0,LRP099b,BlankProcess
240,240,N1,LRP099b,23.4035556,91.2178049,96.374,0,0,0,LRP100,BlankProcess
241,241,N1,LRP100,23.39821345,91.22288777,97.173,0,0,0,LRP098a,BlankProcess
242,242,N1,LRP098a,23.39765182,91.22342213,97.257,RAZAPARA RCC GIDER BRIDGE,27.9,A,LRP101,BridgesDelay
243,243,N1,LRP101,23.3915274,91.2292493,98.173,0,0,0,LRP101a,BlankProcess
244,244,N1,LRP101a,23.3914441,91.2293049,98.183,0,0,0,LRP101b,BlankProcess
245,245,N1,LRP101b,23.385083,91.2345552,99.075,0,0,0,LRP101c,BlankProcess
246,246,N1,LRP101c,23.3849719,91.2346108,99.09,0,0,0,LRP102,BlankProcess
247,247,N1,LRP102,23.3843886,91.2351108,99.173,0,0,0,LRP102a,BlankProcess
248,248,N1,LRP102a,23.3779716,91.2403608,100.071,0,0,0,LRP102b,BlankProcess
249,249,N1,LRP102b,23.3777493,91.2405274,100.101,0,0,0,LRP103,BlankProcess
250,250,N1,LRP103,23.377166,91.2409163,100.173,0,0,0,LRP104,BlankProcess
251,251,N1,LRP104,23.3695827,91.2462774,101.173,0,0,0,LRP104a,BlankProcess
252,252,N1,LRP104a,23.3683327,91.2471108,101.344,0,0,0,LRP105,BlankProcess
253,253,N1,LRP105,23.3615278,91.2515556,102.248,0,0,0,LRP105b,BlankProcess
254,254,N1,LRP105b,23.3584444,91.2533333,102.638,0,0,0,LRP106,BlankProcess
255,255,N1,LRP106,23.3536944,91.2561389,103.248,0,0,0,LRP106a,BlankProcess
256,256,N1,LRP106a,23.3486386,91.2599444,103.935,0,0,0,LRP107,BlankProcess
257,257,N1,LRP107,23.3463608,91.2616944,104.248,0,0,0,LRP105a,BlankProcess
258,258,N1,LRP105a,23.34267147,91.26448564,104.753,CHANSIRI BOXCUIVERT,14.3,A,LRP108,BridgesDelay
259,259,N1,LRP108,23.3390552,91.2672216,105.248,0,0,0,LRP108a,BlankProcess
260,260,N1,LRP108a,23.3360274,91.2700549,105.692,0,0,0,LRP108b,BlankProcess
261,261,N1,LRP108b,23.3357219,91.2703049,105.736,0,0,0,LRP108c,BlankProcess
262,262,N1,LRP108c,23.3347219,91.271166,105.879,0,0,0,LRP109,BlankProcess
263,263,N1,LRP109,23.3321938,91.2734716,106.248,0,0,0,LRP107a,BlankProcess
264,264,N1,LRP107a,23.33014623,91.27487928,106.519,MIABAZAR BOX CULVERT,24,A,LRP110,BridgesDelay
265,265,N1,LRP110,23.3246382,91.278666,107.248,0,0,0,LRP110a,BlankProcess
266,266,N1,LRP110a,23.324166,91.2791104,107.321,0,0,0,LRP110b,BlankProcess
267,267,N1,LRP110b,23.3240827,91.279166,107.331,0,0,0,LRP109a,BlankProcess
268,268,N1,LRP109a,23.31806969,91.28308673,108.125,NOYA BAZER BOX CULVERT,9.2,A,LRP111,BridgesDelay
269,269,N1,LRP111,23.3171382,91.2836941,108.248,0,0,0,LRP111b,BlankProcess
270,270,N1,LRP111b,23.31475,91.2845552,108.537,0,0,0,LRP111c,BlankProcess
271,271,N1,LRP111c,23.3096389,91.2861386,109.135,0,0,0,LRP112,BlankProcess
272,272,N1,LRP112,23.3086944,91.2864163,109.248,0,0,0,LRP112a,BlankProcess
273,273,N1,LRP112a,23.30425,91.288583,109.795,0,0,0,LRP110c,BlankProcess
274,274,N1,LRP110c,23.30343065,91.28897704,109.897,DHARMA PUR SLAB CULVERT,2.6,B,LRP113,BridgesDelay
275,275,N1,LRP113,23.3006111,91.290333,110.248,0,0,0,LRP111a,BlankProcess
276,276,N1,LRP111a,23.29796753,91.29101414,110.551,LALGORE BEZER CULVERT,3.2,A,LRP113a,BridgesDelay
277,277,N1,LRP113a,23.296083,91.2914997,110.767,0,0,0,LRP113b,BlankProcess
278,278,N1,LRP113b,23.2959719,91.2915274,110.781,0,0,0,LRP114,BlankProcess
279,279,N1,LRP114,23.2919163,91.2922219,111.248,0,0,0,LRP114a,BlankProcess
280,280,N1,LRP114a,23.2876663,91.2936386,111.75,0,0,0,LRP115,BlankProcess
281,281,N1,LRP115,23.283583,91.2952219,112.248,0,0,0,LRP115a,BlankProcess
282,282,N1,LRP115a,23.2787216,91.3002778,113.022,0,0,0,LRP116,BlankProcess
283,283,N1,LRP116,23.2768882,91.3011944,113.248,0,0,0,LRP117,BlankProcess
284,284,N1,LRP117,23.2686382,91.3049722,114.248,0,0,0,LRP117b,BlankProcess
285,285,N1,LRP117b,23.2654444,91.3064444,114.641,0,0,0,LRP117c,BlankProcess
286,286,N1,LRP117c,23.2636667,91.30675,114.844,0,0,0,LRP116a,BlankProcess
287,287,N1,LRP116a,23.26183609,91.30702174,115.052,RANGAMATIA (1) BOX CULVERT,3,B,LRP118,BridgesDelay
288,288,N1,LRP118,23.2601111,91.3072778,115.248,0,0,0,LRP116b,BlankProcess
289,289,N1,LRP116b,23.25941665,91.3073611,115.326,RANGOWATIA 2 CULVERT,3,B,LRP116c,BridgesDelay
290,290,N1,LRP116c,23.25764298,91.30761565,115.525,NOWA PARA BOX CULVERT,3.6,B,LRP117a,BridgesDelay
291,291,N1,LRP117a,23.25274634,91.30839264,116.074,HARISHARDE CULVERT,4.5,B,LRP119,BridgesDelay
292,292,N1,LRP119,23.2511944,91.3086389,116.248,0,0,0,LRP119b,BlankProcess
293,293,N1,LRP119b,23.248333,91.3098056,116.608,0,0,0,LRP119c,BlankProcess
294,294,N1,LRP119c,23.2481663,91.3098889,116.631,0,0,0,LRP119d,BlankProcess
295,295,N1,LRP119d,23.2452774,91.3110556,116.978,0,0,0,LRP118a,BlankProcess
296,296,N1,LRP118a,23.24439151,91.31140323,117.087,SONAGATI BOX CULVERT,2.5,B,LRP120,BridgesDelay
297,297,N1,LRP120,23.243083,91.3119167,117.248,0,0,0,LRP118b,BlankProcess
298,298,N1,LRP118b,23.24290406,91.31197395,117.269,BALUJURI BOX CULVERT,19.2,B,LRP120a,BridgesDelay
299,299,N1,LRP120a,23.2416941,91.3123611,117.411,0,0,0,LRP118d,BlankProcess
300,300,N1,LRP118d,23.23979203,91.31257409,117.627,BALUZURI 2 CULVERT,2.6,A,LRP119a,BridgesDelay
301,301,N1,LRP119a,23.23607595,91.3129902,118.049,KALIR BAZAR BOX CULVERT,2.5,A,LRP120b,BridgesDelay
302,302,N1,LRP120b,23.2344997,91.3131667,118.228,0,0,0,LRP121,BlankProcess
303,303,N1,LRP121,23.2343052,91.3131667,118.248,0,0,0,LRP121a,BlankProcess
304,304,N1,LRP121a,23.2314993,91.3132222,118.563,0,0,0,LRP122,BlankProcess
305,305,N1,LRP122,23.2253882,91.3135833,119.248,0,0,0,LRP122b,BlankProcess
306,306,N1,LRP122b,23.2184993,91.3143889,120.026,0,0,0,LRP123,BlankProcess
307,307,N1,LRP123,23.2165556,91.3149167,120.248,0,0,0,LRP121b,BlankProcess
308,308,N1,LRP121b,23.21319557,91.31534974,120.634,HAYDAR POLE BOX CULVERT,14.3,B,LRP124,BridgesDelay
309,309,N1,LRP124,23.2078889,91.3159722,121.248,0,0,0,LRP122a,BlankProcess
310,310,N1,LRP122a,23.20503863,91.31631673,121.567,FALGUNCORA CULVERT,6.1,A,LRP124a,BridgesDelay
311,311,N1,LRP124a,23.201,91.3168049,122.019,0,0,0,LRP125,BlankProcess
312,312,N1,LRP125,23.1990274,91.3170549,122.248,0,0,0,LRP123a,BlankProcess
313,313,N1,LRP123a,23.1961888,91.31767051,122.603,ATTOCK GRAM BOX CULVERT,6.1,A,LRP126,BridgesDelay
314,314,N1,LRP126,23.1909997,91.3192493,123.248,0,0,0,LRP126a,BlankProcess
315,315,N1,LRP126a,23.1866941,91.3212493,123.771,0,0,0,LRP126b,BlankProcess
316,316,N1,LRP126b,23.1866108,91.3212771,123.783,0,0,0,LRP127,BlankProcess
317,317,N1,LRP127,23.1826382,91.3210827,124.248,0,0,0,LRP125a,BlankProcess
318,318,N1,LRP125a,23.18179581,91.32087875,124.346,BASHONTA PUR (2),9.5,B,LRP127a,BridgesDelay
319,319,N1,LRP127a,23.1773604,91.3198049,124.862,0,0,0,LRP128,BlankProcess
320,320,N1,LRP128,23.172916,91.3205271,125.377,0,0,0,LRP128b,BlankProcess
321,321,N1,LRP128b,23.1680549,91.3213604,125.937,0,0,0,LRP129,BlankProcess
322,322,N1,LRP129,23.1641389,91.3214993,126.377,0,0,0,LRP129a,BlankProcess
323,323,N1,LRP129a,23.1571667,91.3224993,127.169,0,0,0,LRP130,BlankProcess
324,324,N1,LRP130,23.1554167,91.3232771,127.377,0,0,0,LRP128a,BlankProcess
325,325,N1,LRP128a,23.15273649,91.32431788,127.673,DIMATOLI (1) BOX CULVERT,6.3,B,LRP130a,BridgesDelay
326,326,N1,LRP130a,23.1496941,91.3254993,128.009,0,0,0,LRP130b,BlankProcess
327,327,N1,LRP130b,23.1480274,91.3264993,128.278,0,0,0,LRP131,BlankProcess
328,328,N1,LRP131,23.1471663,91.3266938,128.377,0,0,0,LRP132,BlankProcess
329,329,N1,LRP132,23.1382219,91.3263049,129.377,0,0,0,LRP131a,BlankProcess
330,330,N1,LRP131a,23.13326397,91.32754642,129.955,JAGOT PUR BOX CULVERT,3,B,LRP133,BridgesDelay
331,331,N1,LRP133,23.1295827,91.3284993,130.377,0,0,0,LRP131b,BlankProcess
332,332,N1,LRP131b,23.12523636,91.33038637,130.912,HASO BOTHACH BOX CULVERT,6.5,A,LRP133b,BridgesDelay
333,333,N1,LRP133b,23.1234993,91.3311382,131.122,0,0,0,LRP134,BlankProcess
334,334,N1,LRP134,23.1213327,91.3320549,131.377,0,0,0,LRP132a,BlankProcess
335,335,N1,LRP132a,23.11969738,91.33281651,131.577,FOKIR BAZAR SLAB CULVERT,4.5,B,LRP135,BridgesDelay
336,336,N1,LRP135,23.1191382,91.3330827,131.653,0,0,0,LRP133a,BlankProcess
337,337,N1,LRP133a,23.11582516,91.33509449,132.079,KAKKARA CULVERT,5.3,B,LRP136,BridgesDelay
338,338,N1,LRP136,23.1113611,91.3378052,132.653,0,0,0,LRP136a,BlankProcess
339,339,N1,LRP136a,23.1108056,91.3381386,132.728,0,0,0,LRP134a,BlankProcess
340,340,N1,LRP134a,23.10742845,91.34004954,133.155,Chanara Box Culvert,6.1,A,LRP136b,BridgesDelay
341,341,N1,LRP136b,23.1051111,91.3413608,133.448,0,0,0,LRP137,BlankProcess
342,342,N1,LRP137,23.1035,91.3422497,133.653,0,0,0,LRP135a,BlankProcess
343,343,N1,LRP135a,23.10175632,91.343163,133.873,CHANGARPULL(II) BOX CULVERT,3.1,B,LRP137a,BridgesDelay
344,344,N1,LRP137a,23.1005833,91.3437774,134.021,0,0,0,LRP135b,BlankProcess
345,345,N1,LRP135b,23.09735125,91.34549563,134.426,ADONCORA,9.5,B,LRP137b,BridgesDelay
346,346,N1,LRP137b,23.0961941,91.3461108,134.571,0,0,0,LRP138,BlankProcess
347,347,N1,LRP138,23.095583,91.3464441,134.653,0,0,0,LRP138a,BlankProcess
348,348,N1,LRP138a,23.0901108,91.3494163,135.341,0,0,0,LRP139,BlankProcess
349,349,N1,LRP139,23.0876108,91.3508889,135.653,0,0,0,LRP136c,BlankProcess
350,350,N1,LRP136c,23.08707537,91.35121015,135.723,FOEALTPARA BOX CULVERT,9.25,B,LRP139a,BridgesDelay
351,351,N1,LRP139a,23.0849719,91.3524722,135.998,0,0,0,LRP139b,BlankProcess
352,352,N1,LRP139b,23.0808049,91.3548611,136.525,0,0,0,LRP139c,BlankProcess
353,353,N1,LRP139c,23.0806938,91.3549444,136.542,0,0,0,LRP140,BlankProcess
354,354,N1,LRP140,23.0792493,91.3558333,136.735,0,0,0,LRP141,BlankProcess
355,355,N1,LRP141,23.0712493,91.3599722,137.735,0,0,0,LRP141a,BlankProcess
356,356,N1,LRP141a,23.0688604,91.3607222,138.01,0,0,0,LRP141b,BlankProcess
357,357,N1,LRP141b,23.0636944,91.3616389,138.621,0,0,0,LRP142,BlankProcess
358,358,N1,LRP142,23.0635278,91.3616389,138.639,0,0,0,LRP142a,BlankProcess
359,359,N1,LRP142a,23.0614722,91.3616667,138.869,0,0,0,LRP140a,BlankProcess
360,360,N1,LRP140a,23.06074733,91.36186246,138.953,MOHAMMAD ALI MAZAR,4,B,LRP143,BridgesDelay
361,361,N1,LRP143,23.0538611,91.3637222,139.751,0,0,0,LRP144,BlankProcess
362,362,N1,LRP144,23.0449719,91.3653611,140.772,0,0,0,LRP144a,BlankProcess
363,363,N1,LRP144a,23.0427774,91.3654444,140.968,0,0,0,LRP144b,BlankProcess
364,364,N1,LRP144b,23.0398052,91.3656111,141.304,0,0,0,LRP145,BlankProcess
365,365,N1,LRP145,23.0360274,91.36575,141.772,0,0,0,LRP145a,BlankProcess
366,366,N1,LRP145a,23.029416,91.3656389,142.507,0,0,0,LRP143a,BlankProcess
367,367,N1,LRP143a,23.02698012,91.36550048,142.793,DEBIPUR SLAB CULVERT,1.6,A,LRP146,BridgesDelay
368,368,N1,LRP146,23.0269716,91.3655,142.794,0,0,0,LRP146a,BlankProcess
369,369,N1,LRP146a,23.0248327,91.3655278,143.034,0,0,0,LRP147,BlankProcess
370,370,N1,LRP147,23.0193604,91.3697771,143.795,0,0,0,LRP147a,BlankProcess
371,371,N1,LRP147a,23.0185271,91.3708327,143.946,0,0,0,LRP147b,BlankProcess
372,372,N1,LRP147b,23.0140833,91.3759716,144.67,0,0,0,LRP148,BlankProcess
373,373,N1,LRP148,23.0132778,91.3769438,144.795,0,0,0,LRP148a,BlankProcess
374,374,N1,LRP148a,23.0095556,91.3813604,145.409,0,0,0,LRP150,BlankProcess
375,375,N1,LRP150,23.0018889,91.3920552,146.816,0,0,0,LRP151,BlankProcess
376,376,N1,LRP151,22.9963886,91.3998052,147.816,0,0,0,LRP151a,BlankProcess
377,377,N1,LRP151a,22.9961941,91.4005,147.901,0,0,0,LRP151b,BlankProcess
378,378,N1,LRP151b,22.9960552,91.4006667,147.924,0,0,0,LRP149a,BlankProcess
379,379,N1,LRP149a,22.99472808,91.40228949,148.151,RAMPUR BRIDGE,23.4,A,LRP149c,BridgesDelay
380,380,N1,LRP149c,22.99271694,91.4047487,148.495,.,1.9,A,LRP152,BridgesDelay
381,381,N1,LRP152,22.9906941,91.4072222,148.841,0,0,0,LRP152a,BlankProcess
382,382,N1,LRP152a,22.9877774,91.41,149.289,0,0,0,LRP152b,BlankProcess
383,383,N1,LRP152b,22.9858886,91.4120556,149.585,0,0,0,LRP153,BlankProcess
384,384,N1,LRP153,22.9842219,91.4137222,149.841,0,0,0,LRP154,BlankProcess
385,385,N1,LRP154,22.9774438,91.4205827,150.892,0,0,0,LRP155,BlankProcess
386,386,N1,LRP155,22.9711382,91.4273882,151.892,0,0,0,LRP156,BlankProcess
387,387,N1,LRP156,22.9663333,91.4356108,152.892,0,0,0,LRP156a,BlankProcess
388,388,N1,LRP156a,22.9624167,91.4416941,153.672,0,0,0,LRP156b,BlankProcess
389,389,N1,LRP156b,22.9618056,91.4424997,153.781,0,0,0,LRP155a,BlankProcess
390,390,N1,LRP155a,22.96144874,91.4429962,153.843,LAMUA BRIDGE,94.05,B,LRP157,BridgesDelay
391,391,N1,LRP157,22.9611667,91.4433886,153.892,0,0,0,LRP158,BlankProcess
392,392,N1,LRP158,22.9561389,91.4517778,154.935,0,0,0,LRP159,BlankProcess
393,393,N1,LRP159,22.9514444,91.4600278,155.935,0,0,0,LRP160,BlankProcess
394,394,N1,LRP160,22.9479997,91.4689993,156.947,0,0,0,LRP160a,BlankProcess
395,395,N1,LRP160a,22.9483608,91.4761382,157.685,0,0,0,LRP161,BlankProcess
396,396,N1,LRP161,22.9484997,91.4786938,157.947,0,0,0,LRP159a,BlankProcess
397,397,N1,LRP159a,22.94860387,91.47949938,158.031,FAZAILPUR BOXCULVERT,1.5,A,LRP162,BridgesDelay
398,398,N1,LRP162,22.9497497,91.4883608,158.955,0,0,0,LRP163,BlankProcess
399,399,N1,LRP163,22.9497774,91.4980274,159.955,0,0,0,LRP163a,BlankProcess
400,400,N1,LRP163a,22.9496663,91.5007778,160.243,0,0,0,LRP161a,BlankProcess
401,401,N1,LRP161a,22.94961261,91.5020669,160.379,MUHURI BRIDGE,191.5,B,LRP163b,BridgesDelay
402,402,N1,LRP163b,22.949583,91.5027778,160.454,0,0,0,LRP164,BlankProcess
403,403,N1,LRP164,22.9482774,91.50725,160.963,0,0,0,LRP164a,BlankProcess
404,404,N1,LRP164a,22.9439441,91.5108611,161.582,0,0,0,LRP165,BlankProcess
405,405,N1,LRP165,22.940833,91.5124444,161.963,0,0,0,LRP166,BlankProcess
406,406,N1,LRP166,22.9329716,91.5172216,162.963,0,0,0,LRP167,BlankProcess
407,407,N1,LRP167,22.9248882,91.5213327,163.963,0,0,0,LRP168,BlankProcess
408,408,N1,LRP168,22.9167216,91.5253882,164.963,0,0,0,LRP168a,BlankProcess
409,409,N1,LRP168a,22.9156667,91.5259438,165.097,0,0,0,LRP166a,BlankProcess
410,410,N1,LRP166a,22.91496471,91.52628954,165.183,DumGhat Bridge(L),222.43,A,LRP168b,BridgesDelay
411,411,N1,LRP168b,22.9138056,91.5268604,165.325,0,0,0,LRP166c,BlankProcess
412,412,N1,LRP166c,22.90971289,91.5289285,165.825,BUMGAT BOXCULVERT,6.1,A,LRP169,BridgesDelay
413,413,N1,LRP169,22.9085833,91.5294993,165.963,0,0,0,LRP169a,BlankProcess
414,414,N1,LRP169a,22.9046667,91.5314438,166.427,0,0,0,LRP167a,BlankProcess
415,415,N1,LRP167a,22.9042463,91.53162978,166.479,BOROYAR PARA SLUB CULVERT,3,A,LRP170,BridgesDelay
416,416,N1,LRP170,22.9003333,91.5333608,166.963,0,0,0,LRP170a,BlankProcess
417,417,N1,LRP170a,22.8994441,91.5336108,167.046,0,0,0,LRP170b,BlankProcess
418,418,N1,LRP170b,22.8939997,91.5346941,167.683,0,0,0,LRP170c,BlankProcess
419,419,N1,LRP170c,22.8929719,91.5350274,167.796,0,0,0,LRP170d,BlankProcess
420,420,N1,LRP170d,22.8921663,91.5353052,167.9,0,0,0,LRP171,BlankProcess
421,421,N1,LRP171,22.8916386,91.5354719,167.963,0,0,0,LRP172,BlankProcess
422,422,N1,LRP172,22.8829993,91.5381663,168.963,0,0,0,LRP171a,BlankProcess
423,423,N1,LRP171a,22.87469869,91.54088366,169.933,UTTOR SONAPAR BOX CULVERT,4.3,A,LRP173,BridgesDelay
424,424,N1,LRP173,22.8744438,91.5409719,169.963,0,0,0,LRP173a,BlankProcess
425,425,N1,LRP173a,22.8731382,91.5414441,170.125,0,0,0,LRP171b,BlankProcess
426,426,N1,LRP171b,22.87272203,91.54159588,170.174,CHAIRMEN BARI BOX CULVERT,2,A,LRP173b,BridgesDelay
427,427,N1,LRP173b,22.868416,91.5431663,170.681,0,0,0,LRP171c,BlankProcess
428,428,N1,LRP171c,22.86805637,91.54329633,170.725,MADDAM SONAPAR(1) BOX CULVERT,1.5,A,LRP174,BridgesDelay
429,429,N1,LRP174,22.8661111,91.5439997,170.963,0,0,0,LRP174a,BlankProcess
430,430,N1,LRP174a,22.86111772,91.54512585,171.539,0,0,0,LRP172a,BlankProcess
431,431,N1,LRP172a,22.86098769,91.54515517,171.554,DHARBAR TILA CULVERT,4.3,A,LRP172b,BridgesDelay
432,432,N1,LRP172b,22.85948479,91.54548,171.728,MADDUM SONAPHAR-3,2,A,LRP175,BridgesDelay
433,433,N1,LRP175,22.8575556,91.5456386,171.963,0,0,0,LRP176,BlankProcess
434,434,N1,LRP176,22.8486663,91.5463608,172.963,0,0,0,LRP176b,BlankProcess
435,435,N1,LRP176b,22.8484441,91.5464163,172.99,0,0,0,LRP174b,BlankProcess
436,436,N1,LRP174b,22.84539149,91.54746892,173.35,MUSTAU NOGAR(2),3,A,LRP176c,BridgesDelay
437,437,N1,LRP176c,22.8452219,91.5475274,173.37,0,0,0,LRP174c,BlankProcess
438,438,N1,LRP174c,22.84345514,91.54814956,173.585,MASTARI HAGOR 3 CULVERT,1.5,A,LRP176d,BridgesDelay
439,439,N1,LRP176d,22.8432497,91.5482219,173.61,0,0,0,LRP175a,BlankProcess
440,440,N1,LRP175a,22.84109433,91.5488097,173.859,MUSTAN NAGAR -4,3,A,LRP177,BridgesDelay
441,441,N1,LRP177,22.8401941,91.5490552,173.963,0,0,0,LRP177a,BlankProcess
442,442,N1,LRP177a,22.8372497,91.5492497,174.277,0,0,0,LRP175b,BlankProcess
443,443,N1,LRP175b,22.83274677,91.5501035,174.804,RAIPUR BOX CUL-1,3,A,LRP178,BridgesDelay
444,444,N1,LRP178,22.8313882,91.5503611,174.963,0,0,0,LRP176a,BlankProcess
445,445,N1,LRP176a,22.83096134,91.55050285,175.013,RAIPUR (2) BOX CULVERT,4.5,A,LRP178a,BridgesDelay
446,446,N1,LRP178a,22.8239438,91.5528333,175.835,0,0,0,LRP179,BlankProcess
447,447,N1,LRP179,22.8228049,91.5531389,175.963,0,0,0,LRP180,BlankProcess
448,448,N1,LRP180,22.8141389,91.5555833,176.963,0,0,0,LRP179a,BlankProcess
449,449,N1,LRP179a,22.81156344,91.55625621,177.247,MUCHIPOOL CULVERT,9.5,B,LRP180a,BridgesDelay
450,450,N1,LRP180a,22.8110556,91.5563889,177.303,0,0,0,LRP180b,BlankProcess
451,451,N1,LRP180b,22.808,91.5579167,177.709,0,0,0,LRP180c,BlankProcess
452,452,N1,LRP180c,22.8059722,91.5589167,177.961,0,0,0,LRP181,BlankProcess
453,453,N1,LRP181,22.8059444,91.5589167,177.963,0,0,0,LRP181a,BlankProcess
454,454,N1,LRP181a,22.8045833,91.5591111,178.118,0,0,0,LRP182,BlankProcess
455,455,N1,LRP182,22.7974719,91.5613611,178.963,0,0,0,LRP182a,BlankProcess
456,456,N1,LRP182a,22.7934163,91.5633333,179.456,0,0,0,LRP182b,BlankProcess
457,457,N1,LRP182b,22.7896108,91.5654444,179.928,0,0,0,LRP183,BlankProcess
458,458,N1,LRP183,22.7893608,91.5655833,179.963,0,0,0,LRP183a,BlankProcess
459,459,N1,LRP183a,22.7813327,91.5695271,180.957,0,0,0,LRP184,BlankProcess
460,460,N1,LRP184,22.7812216,91.5695827,180.963,0,0,0,LRP184b,BlankProcess
461,461,N1,LRP184b,22.7771104,91.5713327,181.464,0,0,0,LRP183b,BlankProcess
462,462,N1,LRP183b,22.77419709,91.57287375,181.825,Mirsorai(2) box culvert,6,A,LRP184c,BridgesDelay
463,463,N1,LRP184c,22.7732771,91.5733604,181.939,0,0,0,LRP185,BlankProcess
464,464,N1,LRP185,22.7730271,91.5734716,181.963,0,0,0,LRP184a,BlankProcess
465,465,N1,LRP184a,22.77025167,91.57509052,182.318,IANAINIPOL BOX CULVERT.,9.7,A,LRP185a,BridgesDelay
466,466,N1,LRP185a,22.7693604,91.5756104,182.432,0,0,0,LRP185b,BlankProcess
467,467,N1,LRP185b,22.7661944,91.5779993,182.434,0,0,0,LRP186,BlankProcess
468,468,N1,LRP186,22.7654722,91.5785549,182.963,0,0,0,LRP186a,BlankProcess
469,469,N1,LRP186a,22.7621944,91.5811382,183.416,0,0,0,LRP187,BlankProcess
470,470,N1,LRP187,22.7585278,91.5845274,183.963,0,0,0,LRP188,BlankProcess
471,471,N1,LRP188,22.7513333,91.5903608,184.963,0,0,0,LRP187a,BlankProcess
472,472,N1,LRP187a,22.75063935,91.59088404,185.058,VARTAGIA BOX CULVERT,3,A,LRP188a,BridgesDelay
473,473,N1,LRP188a,22.7496386,91.5916386,185.195,0,0,0,LRP187b,BlankProcess
474,474,N1,LRP187b,22.74451365,91.59439989,185.842,BOTHAGIA (-3) BOX CULVERT,8.1,B,LRP189,BridgesDelay
475,475,N1,LRP189,22.7435552,91.5949163,185.963,0,0,0,LRP189a,BlankProcess
476,476,N1,LRP189a,22.7433052,91.5950274,185.995,0,0,0,LRP190,BlankProcess
477,477,N1,LRP190,22.7349997,91.5979441,186.963,0,0,0,LRP191,BlankProcess
478,478,N1,LRP191,22.7263882,91.6007778,187.963,0,0,0,LRP190a,BlankProcess
479,479,N1,LRP190a,22.72331676,91.60243314,188.35,NIAZAMPUR BOX CULVERT,3,A,LRP192,BridgesDelay
480,480,N1,LRP192,22.7185549,91.6053056,188.963,0,0,0,LRP191a,BlankProcess
481,481,N1,LRP191a,22.71782439,91.60576233,189.058,MIRJAPUR BOX CULVERT,3,A,LRP191b,BridgesDelay
482,482,N1,LRP191b,22.71727073,91.60610848,189.13,MIRZAPUR (2) BOX CULVERT,3,A,LRP192a,BridgesDelay
483,483,N1,LRP192a,22.7165556,91.6065556,189.223,0,0,0,LRP192b,BlankProcess
484,484,N1,LRP192b,22.716,91.6069167,189.298,0,0,0,LRP193,BlankProcess
485,485,N1,LRP193,22.7143889,91.6079444,189.513,0,0,0,LRP191c,BlankProcess
486,486,N1,LRP191c,22.71387274,91.60823522,189.58,ISAMATI BOX CULVERT,19.2,C,LRP193a,BridgesDelay
487,487,N1,LRP193a,22.7124167,91.6090556,189.769,0,0,0,LRP193b,BlankProcess
488,488,N1,LRP193b,22.7076111,91.6118056,190.376,0,0,0,LRP194,BlankProcess
489,489,N1,LRP194,22.7065556,91.6123611,190.513,0,0,0,LRP194a,BlankProcess
490,490,N1,LRP194a,22.706,91.6126944,190.581,0,0,0,LRP194b,BlankProcess
491,491,N1,LRP194b,22.7033056,91.6142222,190.923,0,0,0,LRP194c,BlankProcess
492,492,N1,LRP194c,22.7002222,91.6157778,191.304,0,0,0,LRP195,BlankProcess
493,493,N1,LRP195,22.6984997,91.616666,191.524,0,0,0,LRP195a,BlankProcess
494,494,N1,LRP195a,22.6919719,91.6198604,192.308,0,0,0,LRP196,BlankProcess
495,495,N1,LRP196,22.6904163,91.6205271,192.524,0,0,0,LRP196a,BlankProcess
496,496,N1,LRP196a,22.689583,91.6208327,192.622,0,0,0,LRP196b,BlankProcess
497,497,N1,LRP196b,22.685083,91.6228327,193.166,0,0,0,LRP197,BlankProcess
498,498,N1,LRP197,22.6825549,91.6241938,193.483,0,0,0,LRP197a,BlankProcess
499,499,N1,LRP197a,22.6769438,91.6268327,194.153,0,0,0,LRP198,BlankProcess
500,500,N1,LRP198,22.6743049,91.6277493,194.483,0,0,0,LRP198b,BlankProcess
501,501,N1,LRP198b,22.6722493,91.6285271,194.734,0,0,0,LRP198c,BlankProcess
502,502,N1,LRP198c,22.6678604,91.6301104,195.24,0,0,0,LRP197b,BlankProcess
503,503,N1,LRP197b,22.6657839,91.63112936,195.501,MIRJA PUR (3) BOX CULVERT,3,A,LRP199,BridgesDelay
504,504,N1,LRP199,22.6649167,91.6315549,195.61,0,0,0,LRP198a,BlankProcess
505,505,N1,LRP198a,22.66159568,91.63352574,196.038,SATU DURUAR HAT BOX CULVERT,3,A,LRP199b,BridgesDelay
506,506,N1,LRP199b,22.6596667,91.6347219,196.288,0,0,0,LRP200,BlankProcess
507,507,N1,LRP200,22.6571389,91.636333,196.61,0,0,0,LRP199a,BlankProcess
508,508,N1,LRP199a,22.65471243,91.63792618,196.925,RONA SORA CULVERT,3.1,A,LRP200a,BridgesDelay
509,509,N1,LRP200a,22.6543889,91.6381386,196.967,0,0,0,LRP200b,BlankProcess
510,510,N1,LRP200b,22.6527778,91.6391663,197.176,0,0,0,LRP201,BlankProcess
511,511,N1,LRP201,22.6494997,91.640833,197.587,0,0,0,LRP199c,BlankProcess
512,512,N1,LRP199c,22.64745611,91.64191712,197.846,BOTTOL BOX CULVERT,12.4,A,LRP201b,BridgesDelay
513,513,N1,LRP201b,22.6452774,91.6430552,198.117,0,0,0,LRP202,BlankProcess
514,514,N1,LRP202,22.641583,91.6451108,198.587,0,0,0,LRP201a,BlankProcess
515,515,N1,LRP201a,22.63609659,91.64820924,199.279,KACHAI PATH BOX CULVERT,3,A,LRP203,BridgesDelay
516,516,N1,LRP203,22.6330827,91.649833,199.648,0,0,0,LRP203a,BlankProcess
517,517,N1,LRP203a,22.6320271,91.6503889,199.783,0,0,0,LRP202a,BlankProcess
518,518,N1,LRP202a,22.62816664,91.65275783,200.277,EGOL PUR BOX CULVERT,3,A,LRP203b,BridgesDelay
519,519,N1,LRP203b,22.625916,91.6541389,200.565,0,0,0,LRP202b,BlankProcess
520,520,N1,LRP202b,22.62583234,91.65418576,200.575,UTTOR SITAKONDO BAZAR BOX CULVERT,6.1,B,LRP204,BridgesDelay
521,521,N1,LRP204,22.6252216,91.6545278,200.648,0,0,0,LRP204b,BlankProcess
522,522,N1,LRP204b,22.6206938,91.6563611,201.2,0,0,0,LRP204c,BlankProcess
523,523,N1,LRP204c,22.6194993,91.6568889,201.363,0,0,0,LRP204d,BlankProcess
524,524,N1,LRP204d,22.6180271,91.6578333,201.383,0,0,0,LRP204f,BlankProcess
525,525,N1,LRP204f,22.6175271,91.65825,201.636,0,0,0,LRP205,BlankProcess
526,526,N1,LRP205,22.6169716,91.65875,201.727,0,0,0,LRP204a,BlankProcess
527,527,N1,LRP204a,22.61498997,91.66026705,201.999,PURBOMOHADAB PUR SLAB CULVERT(L),4.6,A,LRP205b,BridgesDelay
528,528,N1,LRP205b,22.6123889,91.6622222,202.355,0,0,0,LRP205a,BlankProcess
529,529,N1,LRP205a,22.61175567,91.66256867,202.435,MADICAL MORE CULVERT,3,A,LRP206,BridgesDelay
530,530,N1,LRP206,22.6094444,91.6638333,202.727,0,0,0,LRP206a,BlankProcess
531,531,N1,LRP206a,22.6088889,91.6641111,202.799,0,0,0,LRP206b,BlankProcess
532,532,N1,LRP206b,22.60235069,91.66833673,203.651,KALIAVA BOX CULVERT,4.5,B,LRP207,BridgesDelay
533,533,N1,LRP207,22.6015833,91.6688327,203.751,0,0,0,LRP207a,BlankProcess
534,534,N1,LRP207a,22.601,91.6692771,203.881,0,0,0,LRP207b,BlankProcess
535,535,N1,LRP207b,22.6000556,91.6699438,203.996,0,0,0,LRP207c,BlankProcess
536,536,N1,LRP207c,22.5994441,91.6703049,204.045,0,0,0,LRP206c,BlankProcess
537,537,N1,LRP206c,22.59716658,91.67181921,204.342,SKM BOX CULVERT(1),9.3,B,LRP207d,BridgesDelay
538,538,N1,LRP207d,22.5942219,91.6737771,204.726,0,0,0,LRP208,BlankProcess
539,539,N1,LRP208,22.5939997,91.6738327,204.751,0,0,0,LRP208a,BlankProcess
540,540,N1,LRP208a,22.5907497,91.6754716,205.159,0,0,0,LRP209,BlankProcess
541,541,N1,LRP209,22.584583,91.6780827,205.916,0,0,0,LRP209a,BlankProcess
542,542,N1,LRP209a,22.5836663,91.6784716,206.033,0,0,0,LRP209b,BlankProcess
543,543,N1,LRP209b,22.5834997,91.6785827,206.059,0,0,0,LRP208d,BlankProcess
544,544,N1,LRP208d,22.58150867,91.67953904,206.3,BAROGINDO CULVERT,2.5,A,LRP209c,BridgesDelay
545,545,N1,LRP209c,22.580666,91.6799438,206.402,0,0,0,LRP209d,BlankProcess
546,546,N1,LRP209d,22.5779438,91.6811382,206.733,0,0,0,LRP210,BlankProcess
547,547,N1,LRP210,22.5763604,91.6818049,206.916,0,0,0,LRP210a,BlankProcess
548,548,N1,LRP210a,22.57029059,91.68400967,207.64,PHPMORE BON CULVERT,3,A,LRP210b,BridgesDelay
549,549,N1,LRP210b,22.56799681,91.68468666,207.913,CHARA KANDI BOX CULVERT,8.2,A,LRP211,BridgesDelay
550,550,N1,LRP211,22.5679716,91.6846941,207.916,0,0,0,LRP210d,BlankProcess
551,551,N1,LRP210d,22.56642129,91.68518266,208.1,R. R TEXTAIL BOX CULVERT,4.5,A,LRP211b,BridgesDelay
552,552,N1,LRP211b,22.5641389,91.6859163,208.369,0,0,0,LRP211c,BlankProcess
553,553,N1,LRP211c,22.564,91.6859441,208.383,0,0,0,LRP211d,BlankProcess
554,554,N1,LRP211d,22.5624722,91.6863608,208.6,0,0,0,LRP212,BlankProcess
555,555,N1,LRP212,22.5594444,91.6872219,208.916,0,0,0,LRP211a,BlankProcess
556,556,N1,LRP211a,22.55852109,91.68750624,209.024,OHIDPUR BOX CULVERT,4.1,A,LRP212a,BridgesDelay
557,557,N1,LRP212a,22.55433198,91.68879631,209.514,BARSH BARIA BRIDGE,21.6,B,LRP213,BridgesDelay
558,558,N1,LRP213,22.5514167,91.6896941,209.855,0,0,0,LRP213a,BlankProcess
559,559,N1,LRP213a,22.5503056,91.6902774,209.999,0,0,0,LRP213b,BlankProcess
560,560,N1,LRP213b,22.54448978,91.69413108,210.776,DOKHIN BASH-KHALI BOX CULVERT,5.2,A,LRP214,BridgesDelay
561,561,N1,LRP214,22.5438886,91.6945274,210.855,0,0,0,LRP214a,BlankProcess
562,562,N1,LRP214a,22.53903002,91.69654527,211.433,SOTTANA MONDIR CULVERT,8.2,A,LRP215,BridgesDelay
563,563,N1,LRP215,22.5354997,91.6979441,211.856,0,0,0,LRP215a,BlankProcess
564,564,N1,LRP215a,22.5303678,91.70046412,212.483,GULAM JUTE MILE BOX CULVERT,3,A,LRP216,BridgesDelay
565,565,N1,LRP216,22.5273049,91.7019444,212.856,0,0,0,LRP215b,BlankProcess
566,566,N1,LRP215b,22.52293592,91.70383662,213.386,KYSTELGATE ARCH,16.3,B,LRP216a,BridgesDelay
567,567,N1,LRP216a,22.519416,91.7053611,213.813,0,0,0,LRP216b,BlankProcess
568,568,N1,LRP216b,22.51926541,91.70540328,213.831,0,0,0,LRP217,BlankProcess
569,569,N1,LRP217,22.5187216,91.7055556,213.896,0,0,0,LRP217a,BlankProcess
570,570,N1,LRP217a,22.5165556,91.7065833,214.172,0,0,0,LRP217b,BlankProcess
571,571,N1,LRP217b,22.5161667,91.70675,214.217,0,0,0,LRP217c,BlankProcess
572,572,N1,LRP217c,22.5147222,91.7074444,214.399,0,0,0,LRP217d,BlankProcess
573,573,N1,LRP217d,22.5131389,91.7080833,214.593,0,0,0,LRP217e,BlankProcess
574,574,N1,LRP217e,22.5127778,91.7082222,214.634,0,0,0,LRP218,BlankProcess
575,575,N1,LRP218,22.5106111,91.7090833,214.896,0,0,0,LRP218c,BlankProcess
576,576,N1,LRP218c,22.5074444,91.7105556,215.291,0,0,0,LRP218d,BlankProcess
577,577,N1,LRP218d,22.5073056,91.7106389,215.309,0,0,0,LRP218a,BlankProcess
578,578,N1,LRP218a,22.50602204,91.71128482,215.467,ROYL CIMINT GATE CULVETRT,4.5,A,LRP218e,BridgesDelay
579,579,N1,LRP218e,22.503,91.7128056,215.839,0,0,0,LRP219,BlankProcess
580,580,N1,LRP219,22.5025556,91.7130556,215.896,0,0,0,LRP218b,BlankProcess
581,581,N1,LRP218b,22.50008583,91.71415049,216.196,GORA MARA RCC GIRDER BRIDGE,17.6,A,LRP219b,BridgesDelay
582,582,N1,LRP219b,22.4968052,91.7156389,216.6,0,0,0,LRP220,BlankProcess
583,583,N1,LRP220,22.494583,91.7170827,216.896,0,0,0,LRP219a,BlankProcess
584,584,N1,LRP219a,22.4904406,91.71827267,217.377,GORA MARI BOX CULVERT,3,B,LRP220a,BridgesDelay
585,585,N1,LRP220a,22.4869441,91.7192771,217.783,0,0,0,LRP221,BlankProcess
586,586,N1,LRP221,22.4854163,91.7195549,217.957,0,0,0,LRP220b,BlankProcess
587,587,N1,LRP220b,22.48116421,91.72036336,218.441,MUDDO SONAISORI BRIDGE,23.2,B,LRP221b,BridgesDelay
588,588,N1,LRP221b,22.4775271,91.7210549,218.855,0,0,0,LRP221c,BlankProcess
589,589,N1,LRP221c,22.4773049,91.7211104,218.88,0,0,0,LRP222,BlankProcess
590,590,N1,LRP222,22.4765271,91.7213327,218.969,0,0,0,LRP221a,BlankProcess
591,591,N1,LRP221a,22.47285309,91.72326335,219.427,HATIBORI BOX CULVERT,6,A,LRP222a,BridgesDelay
592,592,N1,LRP222a,22.4694438,91.7250549,219.852,0,0,0,LRP223,BlankProcess
593,593,N1,LRP223,22.468416,91.7255827,219.988,0,0,0,LRP223a,BlankProcess
594,594,N1,LRP223a,22.46243864,91.7285307,220.725,SHLAKHAR PAD BRIDGE,23.2,B,LRP224,BridgesDelay
595,595,N1,LRP224,22.4603056,91.7295827,220.988,0,0,0,LRP224b,BlankProcess
596,596,N1,LRP224b,22.4586389,91.7304716,221.198,0,0,0,LRP225,BlankProcess
597,597,N1,LRP225,22.4518235,91.7331283,222.006,0,0,0,LRP224a,BlankProcess
598,598,N1,LRP224a,22.44886285,91.73428239,222.357,KODOM RASUL BOX CULVERT,3,A,LRP225a,BridgesDelay
599,599,N1,LRP225a,22.44607933,91.73536743,222.687,SALAKHARPAD BRIDGE,26.3,C,LRP226,BridgesDelay
600,600,N1,LRP226,22.4433886,91.7364163,223.006,0,0,0,LRP226a,BlankProcess
601,601,N1,LRP226a,22.4424997,91.7366663,223.11,0,0,0,LRP226b,BlankProcess
602,602,N1,LRP226b,22.4422219,91.7367497,223.141,0,0,0,LRP227,BlankProcess
603,603,N1,LRP227,22.4349719,91.7396941,224.066,0,0,0,LRP227a,BlankProcess
604,604,N1,LRP227a,22.4333049,91.7403608,224.203,0,0,0,LRP227b,BlankProcess
605,605,N1,LRP227b,22.4307493,91.7415274,224.514,0,0,0,LRP227c,BlankProcess
606,606,N1,LRP227c,22.4304438,91.7417219,224.557,0,0,0,LRP228,BlankProcess
607,607,N1,LRP228,22.4269716,91.7439997,225.006,0,0,0,LRP228a,BlankProcess
608,608,N1,LRP228a,22.42204155,91.74802098,225.702,DHAMAKHALI BRIDGE,35.1,B,LRP229,BridgesDelay
609,609,N1,LRP229,22.4198882,91.7497774,226.006,0,0,0,LRP229a,BlankProcess
610,610,N1,LRP229a,22.4185549,91.7504722,226.171,0,0,0,LRP229b,BlankProcess
611,611,N1,LRP229b,22.4182771,91.7506667,226.209,0,0,0,LRP230,BlankProcess
612,612,N1,LRP230,22.4119167,91.7543611,227.006,0,0,0,LRP230a,BlankProcess
613,613,N1,LRP230a,22.4101111,91.7544444,227.206,0,0,0,LRP230b,BlankProcess
614,614,N1,LRP230b,22.4084167,91.7551389,227.412,0,0,0,LRP230c,BlankProcess
615,615,N1,LRP230c,22.40839921,91.75514358,227.414,0,0,0,LRP231,BlankProcess
616,616,N1,LRP231,22.4032222,91.7565278,228.006,0,0,0,LRP231a,BlankProcess
617,617,N1,LRP231a,22.3996108,91.7573333,228.406,0,0,0,LRP231b,BlankProcess
618,618,N1,LRP231b,22.3988608,91.7576667,228.51,0,0,0,LRP231c,BlankProcess
619,619,N1,LRP231c,22.3988052,91.7576667,228.517,0,0,0,LRP232,BlankProcess
620,620,N1,LRP232,22.3944997,91.7586944,229.006,0,0,0,LRP232a,BlankProcess
621,621,N1,LRP232a,22.3937774,91.7588056,229.065,0,0,0,LRP232b,BlankProcess
622,622,N1,LRP232b,22.3921108,91.75925,229.282,0,0,0,LRP232c,BlankProcess
623,623,N1,LRP232c,22.3892497,91.7605,229.633,0,0,0,LRP232d,BlankProcess
624,624,N1,LRP232d,22.3887497,91.7607222,229.692,0,0,0,LRP233,BlankProcess
625,625,N1,LRP233,22.3861663,91.7618333,230.006,0,0,0,LRP233a,BlankProcess
626,626,N1,LRP233a,22.3815271,91.7652222,230.631,0,0,0,LRP234,BlankProcess
627,627,N1,LRP234,22.379166,91.7675827,231.006,0,0,0,LRP234a,BlankProcess
628,628,N1,LRP234a,22.3764716,91.770416,231.442,0,0,0,LRP234b,BlankProcess
629,629,N1,LRP234b,22.37622549,91.77054327,231.461,0,0,0,LRP235,BlankProcess
630,630,N1,LRP235,22.369166,91.7741938,232.006,0,0,0,LRP235a,BlankProcess
631,631,N1,LRP235a,22.3691382,91.777666,232.561,0,0,0,LRP235b,BlankProcess
632,632,N1,LRP235b,22.3586667,91.7822771,232.754,0,0,0,PreRome,BlankProcess